[{"date":"2013-04-05","id":274,"text":"- New episodes in \"En\"-version"},{"date":"2013-04-05","id":44,"text":"- New episodes in \"En\"-version"},{"date":"2013-04-05","id":131,"text":"- New episodes in \"En\"-version"},{"date":"2013-04-05","id":100,"text":"- New episodes in \"En\"-version"},{"date":"2013-04-05","id":97,"text":"- New episodes in \"En\"-version"},{"date":"2013-04-05","id":272,"text":"- New episodes in \"En\"-version"},{"date":"2013-04-05","id":224,"text":"- New episodes in \"En\"-version"},{"date":"2013-04-05","id":15,"text":"- New episodes in \"En\"-version"},{"date":"2013-04-05","id":123,"text":"- New episodes in \"En\"-version"},{"date":"2013-04-05","id":62,"text":"- New episodes in \"En\"-version"},{"date":"2013-04-05","id":2,"text":"- New episodes in \"En\"-version"},{"date":"2013-04-05","id":263,"text":"- New episodes in \"En\"-version"},{"date":"2013-04-05","id":88,"text":"- New episodes in \"En\"-version"},{"date":"2013-04-05","id":113,"text":"- New episodes in \"En\"-version"},{"date":"2013-04-05","id":59,"text":"- New episodes in \"En\"-version"},{"date":"2013-04-05","id":58,"text":"- New episodes in \"En\"-version"},{"date":"2013-04-04","id":303,"text":"- New episodes in \"En\"-version"},{"date":"2013-04-04","id":272,"text":"- New episodes in \"En\"-version"},{"date":"2013-04-04","id":308,"text":"- New episodes in \"En\"-version\n- Added new TV-show."},{"date":"2013-04-04","id":280,"text":"- New episodes in \"En\"-version"},{"date":"2013-04-04","id":163,"text":"- New episodes in \"En\"-version"},{"date":"2013-04-04","id":137,"text":"- New episodes in \"En\"-version"},{"date":"2013-04-04","id":241,"text":"- New episodes in \"En\"-version"},{"date":"2013-04-04","id":154,"text":"- New episodes in \"En\"-version"},{"date":"2013-04-04","id":77,"text":"- New episodes in \"En\"-version"},{"date":"2013-04-04","id":187,"text":"- New episodes in \"En\"-version"},{"date":"2013-04-04","id":155,"text":"- New episodes in \"En\"-version"},{"date":"2013-04-04","id":121,"text":"- New episodes in \"En\"-version"},{"date":"2013-04-03","id":306,"text":"- New episodes in \"En\"-version"},{"date":"2013-04-03","id":287,"text":"- New episodes in \"En\"-version"},{"date":"2013-04-03","id":164,"text":"- New episodes in \"En\"-version"},{"date":"2013-04-03","id":152,"text":"- New episodes in \"En\"-version"},{"date":"2013-04-03","id":192,"text":"- New episodes in \"En\"-version"},{"date":"2013-04-03","id":99,"text":"- New episodes in \"En\"-version"},{"date":"2013-04-03","id":252,"text":"- New episodes in \"En\"-version"},{"date":"2013-04-02","id":228,"text":"- New episodes in \"En\"-version"},{"date":"2013-04-02","id":269,"text":"- New episodes in \"En\"-version"},{"date":"2013-04-02","id":300,"text":"- New episodes in \"En\"-version"},{"date":"2013-04-02","id":288,"text":"- New episodes in \"En\"-version"},{"date":"2013-04-02","id":290,"text":"- New episodes in \"En\"-version"},{"date":"2013-04-02","id":223,"text":"- New episodes in \"En\"-version"},{"date":"2013-04-02","id":299,"text":"- New episodes in \"En\"-version"},{"date":"2013-04-02","id":107,"text":"- New episodes in \"En\"-version"},{"date":"2013-04-02","id":277,"text":"- New episodes in \"En\"-version"},{"date":"2013-04-02","id":152,"text":"- New episodes in \"En\"-version"},{"date":"2013-04-02","id":153,"text":"- New episodes in \"En\"-version"},{"date":"2013-04-02","id":51,"text":"- New episodes in \"En\"-version"},{"date":"2013-04-02","id":302,"text":"- New episodes in \"En\"-version"},{"date":"2013-04-02","id":271,"text":"- New episodes in \"En\"-version"},{"date":"2013-04-02","id":289,"text":"- New episodes in \"En\"-version"},{"date":"2013-04-01","id":265,"text":"- New episodes in \"En\"-version"},{"date":"2013-04-01","id":157,"text":"- New episodes in \"En\"-version"},{"date":"2013-04-01","id":149,"text":"- New episodes in \"En\"-version"},{"date":"2013-04-01","id":256,"text":"- New episodes in \"En\"-version"},{"date":"2013-04-01","id":264,"text":"- New episodes in \"En\"-version"},{"date":"2013-04-01","id":297,"text":"- New episodes in \"En\"-version"},{"date":"2013-04-01","id":10,"text":"- New episodes in \"En\"-version"},{"date":"2013-04-01","id":132,"text":"- New episodes in \"En\"-version"},{"date":"2013-04-01","id":270,"text":"- New episodes in \"En\"-version"},{"date":"2013-04-01","id":29,"text":"- New episodes in \"En\"-version"},{"date":"2013-04-01","id":23,"text":"- New episodes in \"En\"-version"},{"date":"2013-03-31","id":110,"text":"- New episodes in \"En\"-version"},{"date":"2013-03-30","id":65,"text":"- New episodes in \"En\"-version"},{"date":"2013-03-30","id":184,"text":"- New episodes in \"En\"-version"},{"date":"2013-03-30","id":46,"text":"- New episodes in \"En\"-version"},{"date":"2013-03-30","id":295,"text":"- New episodes in \"En\"-version"},{"date":"2013-03-29","id":272,"text":"- New episodes in \"En\"-version"},{"date":"2013-03-29","id":185,"text":"- New episodes in \"En\"-version"},{"date":"2013-03-29","id":274,"text":"- New episodes in \"En\"-version"},{"date":"2013-03-29","id":224,"text":"- New episodes in \"En\"-version"},{"date":"2013-03-29","id":36,"text":"- New episodes in \"En\"-version"},{"date":"2013-03-29","id":295,"text":"- New episodes in \"En\"-version"},{"date":"2013-03-29","id":100,"text":"- New episodes in \"En\"-version"},{"date":"2013-03-29","id":156,"text":"- New episodes in \"En\"-version"},{"date":"2013-03-29","id":58,"text":"- New episodes in \"En\"-version"}]