[{"date":"2013-04-05","id":650,"text":"- Updated \"En\"-version of movie"},{"date":"2013-04-05","id":452,"text":"- Updated \"En\"-version of movie"},{"date":"2013-04-05","id":645,"text":"- Updated \"En\"-version of movie"},{"date":"2013-04-05","id":644,"text":"- Updated \"En\"-version of movie"},{"date":"2013-04-05","id":642,"text":"- Updated \"En\"-version of movie"},{"date":"2013-04-05","id":2405,"text":"- Added new movie."},{"date":"2013-04-04","id":2404,"text":"- Added new movie."},{"date":"2013-04-04","id":638,"text":"- Updated \"En\"-version of movie"},{"date":"2013-04-04","id":2403,"text":"- Added new movie."},{"date":"2013-04-04","id":931,"text":"- Updated \"En\"-version of movie"},{"date":"2013-04-04","id":451,"text":"- Updated \"En\"-version of movie"},{"date":"2013-04-04","id":490,"text":"- Updated \"En\"-version of movie"},{"date":"2013-04-04","id":375,"text":"- Updated \"En\"-version of movie"},{"date":"2013-04-04","id":1059,"text":"- Updated \"En\"-version of movie"},{"date":"2013-04-04","id":439,"text":"- Updated \"En\"-version of movie"},{"date":"2013-04-04","id":446,"text":"- Updated \"En\"-version of movie"},{"date":"2013-04-04","id":649,"text":"- Updated \"En\"-version of movie"},{"date":"2013-04-04","id":656,"text":"- Updated \"En\"-version of movie"},{"date":"2013-04-04","id":651,"text":"- Updated \"En\"-version of movie"},{"date":"2013-04-04","id":635,"text":"- Updated \"En\"-version of movie"},{"date":"2013-04-04","id":636,"text":"- Updated \"En\"-version of movie"},{"date":"2013-04-04","id":654,"text":"- Updated \"En\"-version of movie"},{"date":"2013-04-04","id":1756,"text":"- Updated \"En\"-version of movie"},{"date":"2013-04-04","id":126,"text":"- Updated \"En\"-version of movie"},{"date":"2013-04-04","id":373,"text":"- Updated \"En\"-version of movie"},{"date":"2013-04-04","id":382,"text":"- Updated \"En\"-version of movie"},{"date":"2013-04-04","id":634,"text":"- Updated \"En\"-version of movie"},{"date":"2013-04-04","id":106,"text":"- Updated \"En\"-version of movie"},{"date":"2013-04-04","id":416,"text":"- Updated \"En\"-version of movie"},{"date":"2013-04-03","id":2402,"text":"- Added new movie."},{"date":"2013-04-03","id":2401,"text":"- Added new movie."},{"date":"2013-04-02","id":2400,"text":"- Added new movie."},{"date":"2013-04-02","id":2399,"text":"- Added new movie."},{"date":"2013-04-02","id":2398,"text":"- Added new movie."},{"date":"2013-04-02","id":670,"text":"- Updated \"En\"-version of movie"},{"date":"2013-04-02","id":669,"text":"- Updated \"En\"-version of movie"},{"date":"2013-04-02","id":671,"text":"- Updated \"En\"-version of movie"},{"date":"2013-04-02","id":1670,"text":"- Updated \"En\"-version of movie"},{"date":"2013-04-01","id":2397,"text":"- Added new movie."},{"date":"2013-04-01","id":2396,"text":"- Added new movie."},{"date":"2013-04-01","id":2395,"text":"- Added new movie."},{"date":"2013-04-01","id":630,"text":"- Updated \"En\"-version of movie"},{"date":"2013-04-01","id":633,"text":"- Updated \"En\"-version of movie"},{"date":"2013-04-01","id":632,"text":"- Updated \"En\"-version of movie"},{"date":"2013-04-01","id":631,"text":"- Updated \"En\"-version of movie"},{"date":"2013-04-01","id":2394,"text":"- Added new movie."},{"date":"2013-04-01","id":2393,"text":"- Added new movie."},{"date":"2013-04-01","id":2392,"text":"- Added new movie."},{"date":"2013-04-01","id":2391,"text":"- Added new movie."},{"date":"2013-03-31","id":2390,"text":"- Added new movie."},{"date":"2013-03-31","id":2389,"text":"- Added new movie."},{"date":"2013-03-31","id":2388,"text":"- Added new movie."},{"date":"2013-03-31","id":2387,"text":"- Added new movie."},{"date":"2013-03-31","id":2386,"text":"- Added new movie."},{"date":"2013-03-31","id":2385,"text":"- Added new movie."},{"date":"2013-03-31","id":1679,"text":"- Updated \"En\"-version of movie"},{"date":"2013-03-30","id":2384,"text":"- Added new movie."},{"date":"2013-03-30","id":2383,"text":"- Added new movie."},{"date":"2013-03-30","id":2382,"text":"- Added new movie."},{"date":"2013-03-30","id":2381,"text":"- Added new movie."},{"date":"2013-03-30","id":2380,"text":"- Added new movie."},{"date":"2013-03-30","id":2379,"text":"- Added new movie."},{"date":"2013-03-30","id":2378,"text":"- Added new movie."},{"date":"2013-03-30","id":2377,"text":"- Added new movie."},{"date":"2013-03-30","id":2376,"text":"- Added new movie."},{"date":"2013-03-30","id":2375,"text":"- Added new movie."},{"date":"2013-03-30","id":2374,"text":"- Added new movie."},{"date":"2013-03-29","id":2373,"text":"- Added new movie."},{"date":"2013-03-29","id":2372,"text":"- Added new movie."},{"date":"2013-03-29","id":2371,"text":"- Added new movie."},{"date":"2013-03-29","id":2370,"text":"- Added new movie."},{"date":"2013-03-29","id":2369,"text":"- Added new movie."},{"date":"2013-03-29","id":2368,"text":"- Added new movie."},{"date":"2013-03-29","id":2367,"text":"- Added new movie."},{"date":"2013-03-29","id":2366,"text":"- Added new movie."},{"date":"2013-03-29","id":2365,"text":"- Added new movie."},{"date":"2013-03-29","id":290,"text":"- Updated \"En\"-version of movie"},{"date":"2013-03-29","id":2364,"text":"- Added new movie."},{"date":"2013-03-29","id":2363,"text":"- Added new movie."},{"date":"2013-03-29","id":2362,"text":"- Added new movie."},{"date":"2013-03-29","id":2361,"text":"- Added new movie."},{"date":"2013-03-29","id":919,"text":"- Updated \"En\"-version of movie"},{"date":"2013-03-29","id":2360,"text":"- Added new movie."},{"date":"2013-03-29","id":145,"text":"- Updated \"En\"-version of movie"},{"date":"2013-03-29","id":42,"text":"- Updated \"En\"-version of movie"},{"date":"2013-03-29","id":781,"text":"- Updated \"En\"-version of movie"},{"date":"2013-03-29","id":333,"text":"- Updated \"En\"-version of movie"},{"date":"2013-03-29","id":444,"text":"- Updated \"En\"-version of movie"},{"date":"2013-03-29","id":1142,"text":"- Updated \"En\"-version of movie"},{"date":"2013-03-29","id":116,"text":"- Updated \"En\"-version of movie"},{"date":"2013-03-29","id":767,"text":"- Updated \"En\"-version of movie"},{"date":"2013-03-29","id":908,"text":"- Updated \"En\"-version of movie"},{"date":"2013-03-29","id":135,"text":"- Updated \"En\"-version of movie"},{"date":"2013-03-29","id":122,"text":"- Updated \"En\"-version of movie"}]