[{"date":"2013-04-13","id":310,"text":"- New episodes in \"En\"-version"},{"date":"2013-04-13","id":41,"text":"- New episodes in \"En\"-version"},{"date":"2013-04-13","id":177,"text":"- New episodes in \"En\"-version"},{"date":"2013-04-13","id":184,"text":"- New episodes in \"En\"-version"},{"date":"2013-04-13","id":72,"text":"- New episodes in \"En\"-version"},{"date":"2013-04-13","id":318,"text":"- New episodes in \"En\"-version"},{"date":"2013-04-13","id":179,"text":"- New episodes in \"En\"-version"},{"date":"2013-04-12","id":318,"text":"- New episodes in \"En\"-version\n- Added new TV-show."},{"date":"2013-04-12","id":52,"text":"- New episodes in \"En\"-version"},{"date":"2013-04-12","id":274,"text":"- New episodes in \"En\"-version"},{"date":"2013-04-12","id":224,"text":"- New episodes in \"En\"-version"},{"date":"2013-04-12","id":62,"text":"- New episodes in \"En\"-version"},{"date":"2013-04-12","id":317,"text":"- New episodes in \"En\"-version"},{"date":"2013-04-12","id":44,"text":"- New episodes in \"En\"-version"},{"date":"2013-04-12","id":131,"text":"- New episodes in \"En\"-version"},{"date":"2013-04-12","id":97,"text":"- New episodes in \"En\"-version"},{"date":"2013-04-12","id":309,"text":"- New episodes in \"En\"-version"},{"date":"2013-04-12","id":113,"text":"- New episodes in \"En\"-version"},{"date":"2013-04-12","id":263,"text":"- New episodes in \"En\"-version"},{"date":"2013-04-12","id":272,"text":"- New episodes in \"En\"-version"},{"date":"2013-04-12","id":223,"text":"- New episodes in \"En\"-version"},{"date":"2013-04-11","id":317,"text":"- New episodes in \"En\"-version\n- Added new TV-show."},{"date":"2013-04-11","id":272,"text":"- New episodes in \"En\"-version"},{"date":"2013-04-11","id":61,"text":"- New episodes in \"En\"-version"},{"date":"2013-04-11","id":311,"text":"- New episodes in \"En\"-version"},{"date":"2013-04-11","id":241,"text":"- New episodes in \"En\"-version"},{"date":"2013-04-11","id":187,"text":"- New episodes in \"En\"-version"},{"date":"2013-04-11","id":155,"text":"- New episodes in \"En\"-version"},{"date":"2013-04-11","id":121,"text":"- New episodes in \"En\"-version"},{"date":"2013-04-11","id":280,"text":"- New episodes in \"En\"-version"},{"date":"2013-04-11","id":164,"text":"- New episodes in \"En\"-version"},{"date":"2013-04-11","id":163,"text":"- New episodes in \"En\"-version"},{"date":"2013-04-11","id":306,"text":"- New episodes in \"En\"-version"},{"date":"2013-04-10","id":88,"text":"- New episodes in \"En\"-version"},{"date":"2013-04-10","id":16,"text":"- New episodes in \"En\"-version"},{"date":"2013-04-10","id":252,"text":"- New episodes in \"En\"-version"},{"date":"2013-04-10","id":99,"text":"- New episodes in \"En\"-version"},{"date":"2013-04-10","id":316,"text":"- New episodes in \"En\"-version\n- Added new TV-show."},{"date":"2013-04-09","id":315,"text":"- New episodes in \"En\"-version\n- Added new TV-show."},{"date":"2013-04-09","id":185,"text":"- New episodes in \"En\"-version"},{"date":"2013-04-09","id":302,"text":"- New episodes in \"En\"-version"},{"date":"2013-04-09","id":271,"text":"- New episodes in \"En\"-version"},{"date":"2013-04-09","id":277,"text":"- New episodes in \"En\"-version"},{"date":"2013-04-09","id":107,"text":"- New episodes in \"En\"-version"},{"date":"2013-04-09","id":289,"text":"- New episodes in \"En\"-version"},{"date":"2013-04-09","id":299,"text":"- New episodes in \"En\"-version"},{"date":"2013-04-09","id":314,"text":"- New episodes in \"En\"-version\n- Added new TV-show."},{"date":"2013-04-09","id":288,"text":"- New episodes in \"En\"-version"},{"date":"2013-04-09","id":269,"text":"- New episodes in \"En\"-version"},{"date":"2013-04-08","id":313,"text":"- New episodes in \"En\"-version\n- Added new TV-show."},{"date":"2013-04-08","id":256,"text":"- New episodes in \"En\"-version"},{"date":"2013-04-08","id":312,"text":"- New episodes in \"En\"-version"},{"date":"2013-04-08","id":21,"text":"- New episodes in \"En\"-version"},{"date":"2013-04-08","id":265,"text":"- New episodes in \"En\"-version"},{"date":"2013-04-08","id":295,"text":"- New episodes in \"En\"-version"},{"date":"2013-04-08","id":297,"text":"- New episodes in \"En\"-version"},{"date":"2013-04-08","id":157,"text":"- New episodes in \"En\"-version"},{"date":"2013-04-08","id":132,"text":"- New episodes in \"En\"-version"},{"date":"2013-04-08","id":23,"text":"- New episodes in \"En\"-version"},{"date":"2013-04-08","id":290,"text":"- New episodes in \"En\"-version"},{"date":"2013-04-08","id":78,"text":"- New episodes in \"En\"-version"},{"date":"2013-04-08","id":10,"text":"- New episodes in \"En\"-version"},{"date":"2013-04-07","id":228,"text":"- New episodes in \"En\"-version"},{"date":"2013-04-07","id":243,"text":"- New episodes in \"En\"-version"},{"date":"2013-04-07","id":312,"text":"- New episodes in \"En\"-version\n- Added new TV-show."},{"date":"2013-04-07","id":311,"text":"- New episodes in \"En\"-version\n- Added new TV-show."},{"date":"2013-04-07","id":310,"text":"- New episodes in \"En\"-version\n- Added new TV-show."},{"date":"2013-04-07","id":308,"text":"- New episodes in \"En\"-version"},{"date":"2013-04-07","id":192,"text":"- New episodes in \"En\"-version"},{"date":"2013-04-07","id":110,"text":"- New episodes in \"En\"-version"},{"date":"2013-04-07","id":295,"text":"- New episodes in \"En\"-version"}]