[{"date":"2013-04-14","id":2465,"text":"- Added new movie."},{"date":"2013-04-14","id":2464,"text":"- Added new movie."},{"date":"2013-04-14","id":2463,"text":"- Added new movie."},{"date":"2013-04-13","id":2462,"text":"- Added new movie."},{"date":"2013-04-13","id":2461,"text":"- Added new movie."},{"date":"2013-04-13","id":2460,"text":"- Added new movie."},{"date":"2013-04-13","id":2459,"text":"- Added new movie."},{"date":"2013-04-13","id":2458,"text":"- Added new movie."},{"date":"2013-04-13","id":2457,"text":"- Added new movie."},{"date":"2013-04-13","id":2437,"text":"- Updated \"En\"-version of movie"},{"date":"2013-04-12","id":2456,"text":"- Added new movie."},{"date":"2013-04-12","id":2455,"text":"- Added new movie."},{"date":"2013-04-12","id":2454,"text":"- Added new movie."},{"date":"2013-04-12","id":2453,"text":"- Added new movie."},{"date":"2013-04-12","id":2452,"text":"- Added new movie."},{"date":"2013-04-12","id":2451,"text":"- Added new movie."},{"date":"2013-04-12","id":2450,"text":"- Added new movie."},{"date":"2013-04-12","id":2449,"text":"- Added new movie."},{"date":"2013-04-12","id":2448,"text":"- Added new movie."},{"date":"2013-04-12","id":2447,"text":"- Added new movie."},{"date":"2013-04-12","id":2446,"text":"- Added new movie."},{"date":"2013-04-12","id":2445,"text":"- Added new movie."},{"date":"2013-04-12","id":2444,"text":"- Added new movie."},{"date":"2013-04-12","id":2443,"text":"- Added new movie."},{"date":"2013-04-12","id":2442,"text":"- Added new movie."},{"date":"2013-04-12","id":2441,"text":"- Added new movie."},{"date":"2013-04-12","id":2440,"text":"- Added new movie."},{"date":"2013-04-12","id":416,"text":"- Updated \"En\"-version of movie"},{"date":"2013-04-12","id":2439,"text":"- Added new movie."},{"date":"2013-04-12","id":2438,"text":"- Added new movie."},{"date":"2013-04-11","id":2437,"text":"- Added new movie."},{"date":"2013-04-11","id":2436,"text":"- Added new movie."},{"date":"2013-04-10","id":2330,"text":"- Updated \"En\"-version of movie"},{"date":"2013-04-10","id":2435,"text":"- Added new movie."},{"date":"2013-04-10","id":1585,"text":"- Updated \"En\"-version of movie"},{"date":"2013-04-09","id":2399,"text":"- Updated \"En\"-version of movie"},{"date":"2013-04-08","id":2434,"text":"- Added new movie."},{"date":"2013-04-08","id":2433,"text":"- Added new movie."},{"date":"2013-04-08","id":2432,"text":"- Added new movie."},{"date":"2013-04-08","id":2431,"text":"- Added new movie."},{"date":"2013-04-08","id":2430,"text":"- Added new movie."},{"date":"2013-04-08","id":2429,"text":"- Added new movie."},{"date":"2013-04-08","id":2428,"text":"- Added new movie."},{"date":"2013-04-08","id":2427,"text":"- Added new movie."},{"date":"2013-04-08","id":2426,"text":"- Added new movie."},{"date":"2013-04-08","id":2425,"text":"- Added new movie."},{"date":"2013-04-07","id":2424,"text":"- Added new movie."},{"date":"2013-04-07","id":2423,"text":"- Added new movie."},{"date":"2013-04-07","id":2422,"text":"- Added new movie."},{"date":"2013-04-07","id":2421,"text":"- Added new movie."},{"date":"2013-04-07","id":2420,"text":"- Added new movie."},{"date":"2013-04-07","id":2419,"text":"- Added new movie."},{"date":"2013-04-07","id":2418,"text":"- Added new movie."},{"date":"2013-04-07","id":2417,"text":"- Added new movie."},{"date":"2013-04-07","id":2416,"text":"- Added new movie."},{"date":"2013-04-07","id":2415,"text":"- Added new movie."},{"date":"2013-04-07","id":2414,"text":"- Added new movie."},{"date":"2013-04-07","id":2413,"text":"- Added new movie."},{"date":"2013-04-07","id":2412,"text":"- Added new movie."},{"date":"2013-04-07","id":2411,"text":"- Added new movie."},{"date":"2013-04-07","id":2410,"text":"- Added new movie."}]