[{"id":"1","title":"Dexter","poster":"http:\/\/trendico.ru\/upload\/moviebox\/1351249574.jpg","active":"1","cats":"6#8#19","rating":"2431","seasons":"7"},{"id":"2","title":"The Big Bang Theory ","poster":"http:\/\/trendico.ru\/upload\/moviebox\/1336298258.jpg","active":"1","cats":"5","rating":"9970","seasons":"6"},{"id":"3","title":"Lilyhammer","poster":"http:\/\/trendico.ru\/upload\/moviebox\/1343828443.jpg","active":"1","cats":"6#8","rating":"41","seasons":"1"},{"id":"4","title":"Band Of Brothers","poster":"http:\/\/trendico.ru\/upload\/moviebox\/1336309861.jpg","active":"1","cats":"1#2#8#12","rating":"224","seasons":"1"},{"id":"5","title":"Sherlock","poster":"http:\/\/trendico.ru\/upload\/moviebox\/1336311285.jpg","active":"1","cats":"6#8#15","rating":"199","seasons":"2"},{"id":"6","title":"Boardwalk Empire","poster":"http:\/\/trendico.ru\/upload\/moviebox\/1336311961.jpg","active":"1","cats":"6#8","rating":"318","seasons":"3"},{"id":"7","title":"The Pacific","poster":"http:\/\/trendico.ru\/upload\/moviebox\/1336313258.jpg","active":"1","cats":"1#2#8#12","rating":"191","seasons":"1"},{"id":"8","title":"Firefly","poster":"http:\/\/trendico.ru\/upload\/moviebox\/1336314536.jpg","active":"1","cats":"2#8#17","rating":"44","seasons":"1"},{"id":"9","title":"Misfits","poster":"http:\/\/trendico.ru\/upload\/moviebox\/1344341617.jpg","active":"1","cats":"5#8#10","rating":"304","seasons":"4"},{"id":"10","title":"Californication","poster":"http:\/\/trendico.ru\/upload\/moviebox\/1336319196.jpg","active":"1","cats":"5#8","rating":"1715","seasons":"6"},{"id":"11","title":"The Wire","poster":"http:\/\/trendico.ru\/upload\/moviebox\/1343828369.jpg","active":"1","cats":"6#8#15","rating":"502","seasons":"5"},{"id":"12","title":"Breaking Bad","poster":"http:\/\/trendico.ru\/upload\/moviebox\/1346846891.jpg","active":"1","cats":"6#8#19","rating":"4830","seasons":"5"},{"id":"13","title":"Queer as Folk","poster":"http:\/\/trendico.ru\/upload\/moviebox\/1336330154.jpg","active":"1","cats":"8","rating":"141","seasons":"5"},{"id":"14","title":"How I Met Your Mother","poster":"http:\/\/trendico.ru\/upload\/moviebox\/1344976560.jpg","active":"1","cats":"5#16","rating":"6957","seasons":"8"},{"id":"15","title":"Person of Interest","poster":"http:\/\/trendico.ru\/upload\/moviebox\/1336383246.jpg","active":"1","cats":"8#19","rating":"854","seasons":"2"},{"id":"16","title":"Hart of Dixie","poster":"http:\/\/trendico.ru\/upload\/moviebox\/1336387290.jpg","active":"1","cats":"5#8","rating":"289","seasons":"2"},{"id":"17","title":"The River","poster":"http:\/\/trendico.ru\/upload\/moviebox\/1336397771.jpg","active":"1","cats":"1#2#13","rating":"46","seasons":"1"},{"id":"18","title":"Luck","poster":"http:\/\/trendico.ru\/upload\/moviebox\/1336398347.jpg","active":"1","cats":"8#18","rating":"13","seasons":"1"},{"id":"19","title":"Awake","poster":"http:\/\/trendico.ru\/upload\/moviebox\/1336399097.jpg","active":"1","cats":"6#8#19","rating":"28","seasons":"1"},{"id":"20","title":"Magic City","poster":"http:\/\/trendico.ru\/upload\/moviebox\/1336400111.jpg","active":"1","cats":"6#8#15","rating":"37","seasons":"1"},{"id":"21","title":"Mad Men","poster":"http:\/\/trendico.ru\/upload\/moviebox\/1336400802.jpg","active":"1","cats":"8","rating":"331","seasons":"5"},{"id":"22","title":"Alcatraz","poster":"http:\/\/trendico.ru\/upload\/moviebox\/1363000688.jpg","active":"1","cats":"1#8#15","rating":"122","seasons":"1"},{"id":"23","title":"Game of Thrones","poster":"http:\/\/trendico.ru\/upload\/moviebox\/1336407868.jpg","active":"1","cats":"2#8#10#15","rating":"10080","seasons":"3"},{"id":"25","title":"True Blood","poster":"http:\/\/trendico.ru\/upload\/moviebox\/1336410007.jpg","active":"1","cats":"8#10#13#15#16","rating":"1323","seasons":"5"},{"id":"29","title":"The Walking Dead","poster":"http:\/\/trendico.ru\/upload\/moviebox\/1336478859.jpg","active":"1","cats":"8#13#19","rating":"28841","seasons":"3"},{"id":"32","title":"--test--","poster":"http:\/\/trendico.ru\/upload\/moviebox\/1340917574.jpg","active":"0","cats":"5#11","rating":"0","seasons":"1"},{"id":"33","title":"Sex and the City","poster":"http:\/\/trendico.ru\/upload\/moviebox\/1345658379.jpg","active":"1","cats":"5#16","rating":"529","seasons":"6"},{"id":"34","title":"Lost","poster":"http:\/\/trendico.ru\/upload\/moviebox\/1343828476.jpg","active":"1","cats":"2#8#10","rating":"1063","seasons":"6"},{"id":"35","title":"House M.D.","poster":"http:\/\/trendico.ru\/upload\/moviebox\/1343828396.jpg","active":"1","cats":"8#15","rating":"1006","seasons":"8"},{"id":"36","title":"The Vampire Diaries","poster":"http:\/\/trendico.ru\/upload\/moviebox\/1344343653.jpg","active":"1","cats":"8#10#13","rating":"4392","seasons":"4"},{"id":"37","title":"Weeds","poster":"http:\/\/trendico.ru\/upload\/moviebox\/1344344624.jpg","active":"1","cats":"5#6#8","rating":"647","seasons":"8"},{"id":"38","title":"Friends","poster":"http:\/\/trendico.ru\/upload\/moviebox\/1344352817.jpg","active":"1","cats":"5#16","rating":"2419","seasons":"10"},{"id":"39","title":"Bored to Death","poster":"http:\/\/trendico.ru\/upload\/moviebox\/1344535802.jpg","active":"1","cats":"5#6#15","rating":"60","seasons":"3"},{"id":"40","title":"Suits","poster":"http:\/\/trendico.ru\/upload\/moviebox\/1344601076.jpg","active":"1","cats":"5#8","rating":"1286","seasons":"2"},{"id":"41","title":"Spartacus: Blood and Sand (Vengeance)","poster":"http:\/\/trendico.ru\/upload\/moviebox\/1360263170.jpg","active":"1","cats":"1#2#4#8","rating":"4335","seasons":"3"},{"id":"42","title":"Wilfred","poster":"http:\/\/trendico.ru\/upload\/moviebox\/1344611830.jpg","active":"1","cats":"5","rating":"216","seasons":"2"},{"id":"43","title":"Lie to Me","poster":"http:\/\/trendico.ru\/upload\/moviebox\/1344613289.jpg","active":"1","cats":"6#8#15","rating":"238","seasons":"3"},{"id":"44","title":"The Office","poster":"http:\/\/trendico.ru\/upload\/moviebox\/1344961513.jpg","active":"1","cats":"5#16","rating":"1197","seasons":"9"},{"id":"45","title":"Missing","poster":"http:\/\/trendico.ru\/upload\/moviebox\/1344976677.jpg","active":"1","cats":"1#8#19","rating":"31","seasons":"1"},{"id":"46","title":"Grimm ","poster":"http:\/\/trendico.ru\/upload\/moviebox\/1345057559.jpg","active":"1","cats":"8#10#13","rating":"1424","seasons":"2"},{"id":"47","title":"Girls","poster":"http:\/\/trendico.ru\/upload\/moviebox\/1345058080.jpg","active":"1","cats":"5","rating":"533","seasons":"2"},{"id":"48","title":"Downton Abbey","poster":"http:\/\/trendico.ru\/upload\/moviebox\/1345161284.jpg","active":"1","cats":"8","rating":"359","seasons":"3"},{"id":"49","title":"Episodes","poster":"http:\/\/trendico.ru\/upload\/moviebox\/1345161645.jpg","active":"1","cats":"5","rating":"47","seasons":"2"},{"id":"50","title":"The Secret Circle","poster":"http:\/\/trendico.ru\/upload\/moviebox\/1345204202.jpg","active":"1","cats":"8#10#13","rating":"88","seasons":"1"},{"id":"51","title":"Castle","poster":"http:\/\/trendico.ru\/upload\/moviebox\/1345226457.jpg","active":"1","cats":"5#6#8","rating":"875","seasons":"5"},{"id":"52","title":"Glee","poster":"http:\/\/trendico.ru\/upload\/moviebox\/1345232566.jpg","active":"1","cats":"5#8#14","rating":"1171","seasons":"4"},{"id":"53","title":"The New Adventures Of Winnie The Pooh","poster":"http:\/\/trendico.ru\/upload\/moviebox\/1345248357.jpg","active":"0","cats":"2#3#5#9","rating":"0","seasons":"1"},{"id":"54","title":"White Collar","poster":"http:\/\/trendico.ru\/upload\/moviebox\/1345409349.jpg","active":"1","cats":"5#6#8","rating":"767","seasons":"4"},{"id":"55","title":"Gossip Girl","poster":"http:\/\/trendico.ru\/upload\/moviebox\/1345452193.jpg","active":"1","cats":"8#16","rating":"1088","seasons":"6"},{"id":"56","title":"South Park","poster":"http:\/\/trendico.ru\/upload\/moviebox\/1345460462.jpg","active":"1","cats":"3#5","rating":"4262","seasons":"16"},{"id":"57","title":"Twin Peaks","poster":"http:\/\/trendico.ru\/upload\/moviebox\/1345463167.jpg","active":"1","cats":"6#8#15","rating":"42","seasons":"2"},{"id":"58","title":"Grey's Anatomy","poster":"http:\/\/trendico.ru\/upload\/moviebox\/1345468073.jpg","active":"1","cats":"8#16","rating":"2497","seasons":"9"},{"id":"59","title":"Two and a Half Men","poster":"http:\/\/trendico.ru\/upload\/moviebox\/1345496907.jpg","active":"1","cats":"5","rating":"3443","seasons":"10"},{"id":"60","title":"Portlandia","poster":"http:\/\/trendico.ru\/upload\/moviebox\/1345579153.jpg","active":"1","cats":"5","rating":"36","seasons":"3"},{"id":"61","title":"Family Guy","poster":"http:\/\/trendico.ru\/upload\/moviebox\/1345580102.jpg","active":"1","cats":"3#5","rating":"14501","seasons":"11"},{"id":"62","title":"Anger Management","poster":"http:\/\/trendico.ru\/upload\/moviebox\/1345585190.jpg","active":"1","cats":"5","rating":"614","seasons":"2"},{"id":"63","title":"Desperate Housewives","poster":"http:\/\/trendico.ru\/upload\/moviebox\/1345636014.jpg","active":"1","cats":"5#8#16","rating":"543","seasons":"8"},{"id":"64","title":"Fringe","poster":"http:\/\/trendico.ru\/upload\/moviebox\/1345661456.jpg","active":"1","cats":"8#15#17","rating":"491","seasons":"5"},{"id":"65","title":"Touch","poster":"http:\/\/trendico.ru\/upload\/moviebox\/1345666407.jpg","active":"1","cats":"8#15","rating":"1092","seasons":"2"},{"id":"66","title":"-","poster":"http:\/\/trendico.ru\/upload\/moviebox\/1345712956.jpg","active":"0","cats":"3#5#17","rating":"0","seasons":"8"},{"id":"67","title":"Futurama","poster":"http:\/\/trendico.ru\/upload\/moviebox\/1345885378.jpg","active":"1","cats":"3#5#17","rating":"1803","seasons":"7"},{"id":"68","title":"Dead Set","poster":"http:\/\/trendico.ru\/upload\/moviebox\/1345897041.jpg","active":"1","cats":"8#13","rating":"40","seasons":"1"},{"id":"69","title":"Robot Chicken","poster":"http:\/\/trendico.ru\/upload\/moviebox\/1345897271.jpg","active":"1","cats":"3#5","rating":"886","seasons":"6"},{"id":"70","title":"Reaper","poster":"http:\/\/trendico.ru\/upload\/moviebox\/1345900642.jpg","active":"1","cats":"2#5#8#13#15","rating":"74","seasons":"2"},{"id":"71","title":"American Horror Story","poster":"http:\/\/trendico.ru\/upload\/moviebox\/1345970387.jpg","active":"1","cats":"8#13#15","rating":"651","seasons":"2"},{"id":"72","title":"Blue Bloods","poster":"http:\/\/trendico.ru\/upload\/moviebox\/1345971744.jpg","active":"1","cats":"6#8","rating":"158","seasons":"3"},{"id":"73","title":"Falling Skies","poster":"http:\/\/trendico.ru\/upload\/moviebox\/1345975630.jpg","active":"1","cats":"1#17#19","rating":"419","seasons":"2"},{"id":"74","title":"Once Upon a Time","poster":"http:\/\/trendico.ru\/upload\/moviebox\/1345977514.jpg","active":"1","cats":"2#8#10","rating":"1271","seasons":"2"},{"id":"75","title":"Chuck","poster":"http:\/\/trendico.ru\/upload\/moviebox\/1345986390.jpg","active":"1","cats":"1#5#8","rating":"543","seasons":"5"},{"id":"76","title":"The Simpsons","poster":"http:\/\/trendico.ru\/upload\/moviebox\/1346011960.jpg","active":"1","cats":"3#5#9","rating":"8446","seasons":"24"},{"id":"77","title":"Supernatural","poster":"http:\/\/trendico.ru\/upload\/moviebox\/1346014607.jpg","active":"1","cats":"8#10#13","rating":"3238","seasons":"8"},{"id":"78","title":"The Cleveland Show","poster":"http:\/\/trendico.ru\/upload\/moviebox\/1346019089.jpg","active":"1","cats":"3#5","rating":"1532","seasons":"4"},{"id":"79","title":"Prison Break","poster":"http:\/\/trendico.ru\/upload\/moviebox\/1346064372.jpg","active":"1","cats":"1#6#8","rating":"1591","seasons":"4"},{"id":"80","title":"The Sopranos","poster":"http:\/\/trendico.ru\/upload\/moviebox\/1346100683.jpg","active":"1","cats":"6#8","rating":"589","seasons":"6"},{"id":"81","title":"Top Gear","poster":"http:\/\/trendico.ru\/upload\/moviebox\/1346250737.jpg","active":"1","cats":"5","rating":"2441","seasons":"19"},{"id":"82","title":"The Newsroom","poster":"http:\/\/trendico.ru\/upload\/moviebox\/1346317246.jpg","active":"1","cats":"8","rating":"20","seasons":"1"},{"id":"83","title":"Jamie Oliver. Extra Videos","poster":"http:\/\/trendico.ru\/upload\/moviebox\/1346590552.jpg","active":"1","cats":"","rating":"29","seasons":"1"},{"id":"84","title":"Heroes","poster":"http:\/\/trendico.ru\/upload\/moviebox\/1346431349.jpg","active":"1","cats":"8#17#19","rating":"711","seasons":"4"},{"id":"85","title":"Jamie's 30 Minute Meals","poster":"http:\/\/trendico.ru\/upload\/moviebox\/1346586685.jpg","active":"1","cats":"7","rating":"73","seasons":"1"},{"id":"86","title":"Jamie at Home","poster":"http:\/\/trendico.ru\/upload\/moviebox\/1346607294.jpg","active":"1","cats":"7","rating":"43","seasons":"2"},{"id":"87","title":"The Tudors","poster":"http:\/\/trendico.ru\/upload\/moviebox\/1346616333.jpg","active":"1","cats":"8#12#16","rating":"203","seasons":"4"},{"id":"88","title":"New Girl","poster":"http:\/\/trendico.ru\/upload\/moviebox\/1346618132.jpg","active":"1","cats":"5","rating":"2186","seasons":"2"},{"id":"89","title":"Torchwood","poster":"http:\/\/trendico.ru\/upload\/moviebox\/1346619346.jpg","active":"1","cats":"8#17","rating":"76","seasons":"4"},{"id":"90","title":"Food Revolution","poster":"http:\/\/trendico.ru\/upload\/moviebox\/1346623690.jpg","active":"1","cats":"7","rating":"33","seasons":"2"},{"id":"91","title":"2 Broke Girls","poster":"http:\/\/trendico.ru\/upload\/moviebox\/1346785002.jpg","active":"1","cats":"5","rating":"1721","seasons":"2"},{"id":"92","title":"Aqua Teen Hunger Force","poster":"http:\/\/trendico.ru\/upload\/moviebox\/1346872398.jpg","active":"1","cats":"3#5","rating":"240","seasons":"8"},{"id":"93","title":"Pretty Little Liars","poster":"http:\/\/trendico.ru\/upload\/moviebox\/1347038849.jpg","active":"1","cats":"8#15#19","rating":"2285","seasons":"3"},{"id":"94","title":"Continuum","poster":"http:\/\/trendico.ru\/upload\/moviebox\/1347130816.jpg","active":"1","cats":"17#19","rating":"83","seasons":"1"},{"id":"95","title":"Late Show with David Letterman","poster":"http:\/\/trendico.ru\/upload\/moviebox\/1347138590.jpg","active":"1","cats":"5","rating":"42","seasons":"1"},{"id":"96","title":"Smallville","poster":"http:\/\/trendico.ru\/upload\/moviebox\/1347312678.jpg","active":"1","cats":"8#16#17","rating":"3907","seasons":"10"},{"id":"97","title":"Men at Work","poster":"http:\/\/trendico.ru\/upload\/moviebox\/1347387424.jpg","active":"1","cats":"5#8","rating":"125","seasons":"2"},{"id":"98","title":"Veep","poster":"http:\/\/trendico.ru\/upload\/moviebox\/1347389436.jpg","active":"1","cats":"5","rating":"28","seasons":"1"},{"id":"99","title":"Body of Proof","poster":"http:\/\/trendico.ru\/upload\/moviebox\/1347390160.jpg","active":"1","cats":"6#8","rating":"342","seasons":"3"},{"id":"100","title":"Scandal","poster":"http:\/\/trendico.ru\/upload\/moviebox\/1347391190.jpg","active":"1","cats":"8","rating":"1442","seasons":"2"},{"id":"101","title":"Sons of Anarchy","poster":"http:\/\/trendico.ru\/upload\/moviebox\/1347454801.jpg","active":"1","cats":"6#8","rating":"1154","seasons":"5"},{"id":"102","title":"Hell on Wheels","poster":"http:\/\/trendico.ru\/upload\/moviebox\/1347444106.jpg","active":"1","cats":"1#8","rating":"109","seasons":"2"},{"id":"103","title":"Awkward","poster":"http:\/\/trendico.ru\/upload\/moviebox\/1347477710.jpg","active":"1","cats":"5#8","rating":"551","seasons":"2"},{"id":"104","title":"Battlestar Galactica","poster":"http:\/\/trendico.ru\/upload\/moviebox\/1347526771.jpg","active":"1","cats":"1#2#8","rating":"78","seasons":"4"},{"id":"105","title":"Curb Your Enthusiasm","poster":"http:\/\/trendico.ru\/upload\/moviebox\/1347629661.jpg","active":"1","cats":"5","rating":"223","seasons":"8"},{"id":"106","title":"Babylon 5","poster":"http:\/\/trendico.ru\/upload\/moviebox\/1347996561.jpg","active":"1","cats":"1#8#17","rating":"95","seasons":"5"},{"id":"107","title":"Revolution","poster":"http:\/\/trendico.ru\/upload\/moviebox\/1348000218.jpg","active":"1","cats":"17","rating":"2868","seasons":"1"},{"id":"108","title":"Black Mirror","poster":"http:\/\/trendico.ru\/upload\/moviebox\/1348001341.jpg","active":"1","cats":"8#17#19","rating":"41","seasons":"2"},{"id":"109","title":"Boss","poster":"http:\/\/trendico.ru\/upload\/moviebox\/1348056065.jpg","active":"1","cats":"6#8","rating":"59","seasons":"2"},{"id":"110","title":"Doctor Who","poster":"http:\/\/trendico.ru\/upload\/moviebox\/1348134220.jpg","active":"1","cats":"2#8#17","rating":"1407","seasons":"7"},{"id":"111","title":"Dragons: Riders of Berk","poster":"http:\/\/trendico.ru\/upload\/moviebox\/1348433394.jpg","active":"1","cats":"2#3#5","rating":"666","seasons":"1"},{"id":"112","title":"Titanic: Blood and Steel","poster":"http:\/\/trendico.ru\/upload\/moviebox\/1348434674.jpg","active":"1","cats":"8#12","rating":"26","seasons":"1"},{"id":"113","title":"Go On","poster":"http:\/\/trendico.ru\/upload\/moviebox\/1348438034.jpg","active":"1","cats":"5","rating":"323","seasons":"1"},{"id":"114","title":"Being Liverpool","poster":"http:\/\/trendico.ru\/upload\/moviebox\/1348443686.jpg","active":"1","cats":"18","rating":"78","seasons":"1"},{"id":"115","title":"The Legend of Korra","poster":"http:\/\/trendico.ru\/upload\/moviebox\/1348503455.jpg","active":"1","cats":"1#2#3#10","rating":"560","seasons":"1"},{"id":"116","title":"Tosh.0","poster":"http:\/\/trendico.ru\/upload\/moviebox\/1348572167.jpg","active":"1","cats":"5","rating":"1454","seasons":"4"},{"id":"117","title":"Generation Kill","poster":"http:\/\/trendico.ru\/upload\/moviebox\/1348599847.jpg","active":"1","cats":"1#8","rating":"61","seasons":"1"},{"id":"118","title":"Homeland","poster":"http:\/\/trendico.ru\/upload\/moviebox\/1348661392.jpg","active":"1","cats":"6#8#15","rating":"1052","seasons":"2"},{"id":"119","title":"Arrested Development","poster":"http:\/\/trendico.ru\/upload\/moviebox\/1348737490.jpg","active":"1","cats":"5#8","rating":"133","seasons":"3"},{"id":"120","title":"John Adams","poster":"http:\/\/trendico.ru\/upload\/moviebox\/1348829423.jpg","active":"1","cats":"4#8#12","rating":"13","seasons":"1"},{"id":"121","title":"Modern Family","poster":"http:\/\/trendico.ru\/upload\/moviebox\/1348866331.jpg","active":"1","cats":"5","rating":"3187","seasons":"4"},{"id":"122","title":"Last Resort","poster":"http:\/\/trendico.ru\/upload\/moviebox\/1348867310.jpg","active":"1","cats":"1#8#15","rating":"102","seasons":"1"},{"id":"123","title":"Elementary","poster":"http:\/\/trendico.ru\/upload\/moviebox\/1348867519.jpg","active":"1","cats":"6#8#15","rating":"628","seasons":"1"},{"id":"124","title":"Animal Practice","poster":"http:\/\/trendico.ru\/upload\/moviebox\/1348867875.jpg","active":"1","cats":"5","rating":"37","seasons":"1"},{"id":"125","title":"The Neighbors","poster":"http:\/\/trendico.ru\/upload\/moviebox\/1348907540.jpg","active":"1","cats":"5","rating":"149","seasons":"1"},{"id":"126","title":"Deadwood","poster":"http:\/\/trendico.ru\/upload\/moviebox\/1349070758.jpg","active":"1","cats":"6#8#12","rating":"99","seasons":"3"},{"id":"127","title":"666 Park Avenue","poster":"http:\/\/trendico.ru\/upload\/moviebox\/1349119485.jpg","active":"1","cats":"8#13#17","rating":"254","seasons":"1"},{"id":"128","title":"Brickleberry","poster":"http:\/\/trendico.ru\/upload\/moviebox\/1349124447.jpg","active":"1","cats":"3#5","rating":"354","seasons":"1"},{"id":"129","title":"The Mentalist","poster":"http:\/\/trendico.ru\/upload\/moviebox\/1349125507.jpg","active":"1","cats":"6#8#15","rating":"983","seasons":"5"},{"id":"130","title":"Six Feet Under","poster":"http:\/\/trendico.ru\/upload\/moviebox\/1349178232.jpg","active":"1","cats":"8","rating":"67","seasons":"5"},{"id":"131","title":"Parks and Recreation","poster":"http:\/\/trendico.ru\/upload\/moviebox\/1349178689.jpg","active":"1","cats":"5","rating":"292","seasons":"5"},{"id":"132","title":"House of Lies","poster":"http:\/\/trendico.ru\/upload\/moviebox\/1349190099.jpg","active":"1","cats":"5","rating":"609","seasons":"2"},{"id":"133","title":"Flight of the Conchords ","poster":"http:\/\/trendico.ru\/upload\/moviebox\/1349266265.jpg","active":"1","cats":"5","rating":"43","seasons":"2"},{"id":"134","title":"Entourage","poster":"http:\/\/trendico.ru\/upload\/moviebox\/1349268127.jpg","active":"1","cats":"5#8","rating":"483","seasons":"8"},{"id":"135","title":"Kung Fu Panda: Legends of Awesomeness","poster":"http:\/\/trendico.ru\/upload\/moviebox\/1349297465.jpg","active":"1","cats":"1#2#3#5","rating":"380","seasons":"2"},{"id":"136","title":"Nip\/Tuck","poster":"http:\/\/trendico.ru\/upload\/moviebox\/1349355404.jpg","active":"1","cats":"8","rating":"89","seasons":"6"},{"id":"137","title":"Chicago Fire","poster":"http:\/\/trendico.ru\/upload\/moviebox\/1349415210.jpg","active":"1","cats":"8","rating":"501","seasons":"1"},{"id":"138","title":"30 Rock","poster":"http:\/\/trendico.ru\/upload\/moviebox\/1349436197.jpg","active":"1","cats":"5","rating":"174","seasons":"7"},{"id":"139","title":"Flashpoint","poster":"http:\/\/trendico.ru\/upload\/moviebox\/1349436709.jpg","active":"1","cats":"1#6#8","rating":"184","seasons":"5"},{"id":"140","title":"Haven","poster":"http:\/\/trendico.ru\/upload\/moviebox\/1349506486.jpg","active":"1","cats":"6#8#10","rating":"85","seasons":"3"},{"id":"141","title":"Made in Jersey","poster":"http:\/\/trendico.ru\/upload\/moviebox\/1349507423.jpg","active":"1","cats":"8","rating":"24","seasons":"1"},{"id":"142","title":"Warehouse 13","poster":"http:\/\/trendico.ru\/upload\/moviebox\/1349727924.jpg","active":"1","cats":"8#15#17","rating":"162","seasons":"4"},{"id":"143","title":"Sinbad","poster":"http:\/\/trendico.ru\/upload\/moviebox\/1349521930.jpg","active":"1","cats":"1#2#10","rating":"58","seasons":"1"},{"id":"144","title":"V","poster":"http:\/\/trendico.ru\/upload\/moviebox\/1349727874.jpg","active":"1","cats":"8#17#19","rating":"185","seasons":"2"},{"id":"145","title":"The Pixar Shorts","poster":"http:\/\/trendico.ru\/upload\/moviebox\/1349731285.jpg","active":"1","cats":"3#5#9","rating":"1125","seasons":"1"},{"id":"146","title":"Alphas","poster":"http:\/\/trendico.ru\/upload\/moviebox\/1349767226.jpg","active":"1","cats":"1#8#17","rating":"187","seasons":"2"},{"id":"147","title":"Star Wars: The Clone Wars","poster":"http:\/\/trendico.ru\/upload\/moviebox\/1349776122.jpg","active":"1","cats":"1#2#3","rating":"746","seasons":"5"},{"id":"148","title":"Treme","poster":"http:\/\/trendico.ru\/upload\/moviebox\/1349797275.jpg","active":"1","cats":"8","rating":"39","seasons":"3"},{"id":"149","title":"Revenge","poster":"http:\/\/trendico.ru\/upload\/moviebox\/1349798722.jpg","active":"1","cats":"8","rating":"1990","seasons":"2"},{"id":"150","title":"Guys with Kids","poster":"http:\/\/trendico.ru\/upload\/moviebox\/1349931094.jpg","active":"1","cats":"5","rating":"202","seasons":"1"},{"id":"151","title":"The Gates","poster":"http:\/\/trendico.ru\/upload\/moviebox\/1349932390.jpg","active":"1","cats":"6#8#15","rating":"20","seasons":"1"},{"id":"152","title":"The New Normal","poster":"http:\/\/trendico.ru\/upload\/moviebox\/1349956049.jpg","active":"1","cats":"5","rating":"520","seasons":"1"},{"id":"153","title":"Bones","poster":"http:\/\/trendico.ru\/upload\/moviebox\/1350016525.jpg","active":"1","cats":"5#6#8","rating":"1061","seasons":"8"},{"id":"154","title":"Arrow","poster":"http:\/\/trendico.ru\/upload\/moviebox\/1350039934.jpg","active":"1","cats":"1#2#8","rating":"7305","seasons":"1"},{"id":"155","title":"Nashville","poster":"http:\/\/trendico.ru\/upload\/moviebox\/1350040108.jpg","active":"1","cats":"8#9#14","rating":"410","seasons":"1"},{"id":"156","title":"Beauty and the Beast","poster":"http:\/\/trendico.ru\/upload\/moviebox\/1350070627.jpg","active":"1","cats":"6#8","rating":"802","seasons":"1"},{"id":"157","title":"The Client List","poster":"http:\/\/trendico.ru\/upload\/moviebox\/1350117724.jpg","active":"1","cats":"8","rating":"3302","seasons":"2"},{"id":"158","title":"Copper","poster":"http:\/\/trendico.ru\/upload\/moviebox\/1350117969.jpg","active":"1","cats":"8","rating":"25","seasons":"1"},{"id":"159","title":"Avatar: The Last Airbender","poster":"http:\/\/trendico.ru\/upload\/moviebox\/1350281579.jpg","active":"1","cats":"1#2#3","rating":"900","seasons":"3"},{"id":"160","title":"United States of Tara","poster":"http:\/\/trendico.ru\/upload\/moviebox\/1350302485.jpg","active":"1","cats":"5#8","rating":"46","seasons":"3"},{"id":"161","title":"Scrubs","poster":"http:\/\/trendico.ru\/upload\/moviebox\/1350365565.jpg","active":"1","cats":"5#8","rating":"332","seasons":"9"},{"id":"162","title":"Death Note (Desu noto)","poster":"http:\/\/trendico.ru\/upload\/moviebox\/1350375202.jpg","active":"1","cats":"3#6#8#15","rating":"419","seasons":"1"},{"id":"163","title":"CSI: Crime Scene Investigation","poster":"http:\/\/trendico.ru\/upload\/moviebox\/1350451390.jpg","active":"1","cats":"6#8#15","rating":"495","seasons":"13"},{"id":"164","title":"Criminal Minds","poster":"http:\/\/trendico.ru\/upload\/moviebox\/1350461902.jpg","active":"1","cats":"6#8#15","rating":"1314","seasons":"8"},{"id":"165","title":"Dead Like Me","poster":"http:\/\/trendico.ru\/upload\/moviebox\/1351601080.jpg","active":"1","cats":"5#8#10","rating":"109","seasons":"2"},{"id":"166","title":"CSI: NY","poster":"http:\/\/trendico.ru\/upload\/moviebox\/1350735703.jpg","active":"1","cats":"1#6#8","rating":"224","seasons":"9"},{"id":"167","title":"CSI: Miami","poster":"http:\/\/trendico.ru\/upload\/moviebox\/1350655711.jpg","active":"1","cats":"1#6#8","rating":"218","seasons":"10"},{"id":"168","title":"Perception","poster":"http:\/\/trendico.ru\/upload\/moviebox\/1350735571.jpg","active":"1","cats":"6#8#15","rating":"43","seasons":"1"},{"id":"169","title":"Young Justice","poster":"http:\/\/trendico.ru\/upload\/moviebox\/1350729175.jpg","active":"1","cats":"1#2#3","rating":"1415","seasons":"2"},{"id":"170","title":"Fullmetal Alchemist","poster":"http:\/\/trendico.ru\/upload\/moviebox\/1350753192.jpg","active":"1","cats":"1#2#3#5#8","rating":"242","seasons":"1"},{"id":"171","title":"Fullmetal Alchemist Brotherhood","poster":"http:\/\/trendico.ru\/upload\/moviebox\/1350753326.jpg","active":"1","cats":"1#2#3#5#8","rating":"391","seasons":"1"},{"id":"172","title":"Hawaii five-0","poster":"http:\/\/trendico.ru\/upload\/moviebox\/1350894301.jpg","active":"1","cats":"1#6#8","rating":"778","seasons":"3"},{"id":"173","title":"Code Geass: Lelouch of the Rebellion","poster":"http:\/\/trendico.ru\/upload\/moviebox\/1350900339.jpg","active":"1","cats":"1#2#3","rating":"131","seasons":"1"},{"id":"174","title":"Code Geass: Lelouch of the Rebellion R2","poster":"http:\/\/trendico.ru\/upload\/moviebox\/1350901060.jpg","active":"1","cats":"1#2#3#8","rating":"168","seasons":"1"},{"id":"175","title":"Don't Trust the B---- in Apartment 23","poster":"http:\/\/trendico.ru\/upload\/moviebox\/1351111012.jpg","active":"1","cats":"5","rating":"150","seasons":"2"},{"id":"176","title":"Emily Owens M.D.","poster":"http:\/\/trendico.ru\/upload\/moviebox\/1351111261.jpg","active":"1","cats":"8","rating":"41","seasons":"1"},{"id":"177","title":"Vegas","poster":"http:\/\/trendico.ru\/upload\/moviebox\/1351111483.jpg","active":"1","cats":"8","rating":"58","seasons":"1"},{"id":"178","title":"Ben and Kate","poster":"http:\/\/trendico.ru\/upload\/moviebox\/1351111717.jpg","active":"1","cats":"","rating":"101","seasons":"1"},{"id":"179","title":"Happy Endings","poster":"http:\/\/trendico.ru\/upload\/moviebox\/1351112255.jpg","active":"1","cats":"5","rating":"176","seasons":"3"},{"id":"180","title":"Mike and Molly","poster":"http:\/\/trendico.ru\/upload\/moviebox\/1351150737.jpg","active":"1","cats":"5","rating":"339","seasons":"3"},{"id":"181","title":"Hunted","poster":"http:\/\/trendico.ru\/upload\/moviebox\/1351237920.jpg","active":"1","cats":"1#8","rating":"44","seasons":"1"},{"id":"182","title":"Mockingbird Lane","poster":"http:\/\/trendico.ru\/upload\/moviebox\/1351426626.jpg","active":"1","cats":"8","rating":"20","seasons":"1"},{"id":"183","title":"Sword Art Online","poster":"http:\/\/trendico.ru\/upload\/moviebox\/1351541644.jpg","active":"1","cats":"1#2#3#10","rating":"263","seasons":"1"},{"id":"184","title":"Nikita","poster":"http:\/\/trendico.ru\/upload\/moviebox\/1351662733.jpg","active":"1","cats":"1#6#8","rating":"1322","seasons":"3"},{"id":"185","title":"Raising Hope","poster":"http:\/\/trendico.ru\/upload\/moviebox\/1351667760.jpg","active":"1","cats":"5#8#9","rating":"604","seasons":"3"},{"id":"186","title":"Criminal Minds: Suspect Behavior","poster":"http:\/\/trendico.ru\/upload\/moviebox\/1351676381.jpg","active":"1","cats":"6#8#15","rating":"66","seasons":"1"},{"id":"187","title":"Suburgatory","poster":"http:\/\/trendico.ru\/upload\/moviebox\/1351767907.jpg","active":"1","cats":"5","rating":"440","seasons":"2"},{"id":"188","title":"Seinfeld","poster":"http:\/\/trendico.ru\/upload\/moviebox\/1351780747.jpg","active":"1","cats":"5","rating":"838","seasons":"9"},{"id":"189","title":"Longmire","poster":"http:\/\/trendico.ru\/upload\/moviebox\/1351802636.jpg","active":"1","cats":"8","rating":"25","seasons":"1"},{"id":"190","title":"Hit & Miss","poster":"http:\/\/trendico.ru\/upload\/moviebox\/1351803169.jpg","active":"1","cats":"8","rating":"24","seasons":"1"},{"id":"191","title":"The Fresh Prince of Bel-Air","poster":"http:\/\/trendico.ru\/upload\/moviebox\/1351804179.jpg","active":"1","cats":"5#9","rating":"3802","seasons":"6"},{"id":"192","title":"Smash","poster":"http:\/\/trendico.ru\/upload\/moviebox\/1351809388.jpg","active":"1","cats":"8#14","rating":"246","seasons":"2"},{"id":"193","title":"Dragon ball Kai: Doragon boru Kai ","poster":"http:\/\/trendico.ru\/upload\/moviebox\/1351830734.jpg","active":"1","cats":"1#2#3","rating":"1456","seasons":"1"},{"id":"194","title":"Dollhouse","poster":"http:\/\/trendico.ru\/upload\/moviebox\/1351860517.jpg","active":"1","cats":"8#15#17","rating":"44","seasons":"2"},{"id":"195","title":"Life's Too Short","poster":"http:\/\/trendico.ru\/upload\/moviebox\/1351892237.jpg","active":"1","cats":"5","rating":"71","seasons":"1"},{"id":"196","title":"Workaholics","poster":"http:\/\/trendico.ru\/upload\/moviebox\/1351904395.jpg","active":"1","cats":"5","rating":"1961","seasons":"4"},{"id":"197","title":"Partners","poster":"http:\/\/trendico.ru\/upload\/moviebox\/1352179814.jpg","active":"1","cats":"5","rating":"30","seasons":"1"},{"id":"198","title":"Law & Order: Special Victims Unit","poster":"http:\/\/trendico.ru\/upload\/moviebox\/1352183112.jpg","active":"1","cats":"6#8#15","rating":"257","seasons":"5"},{"id":"199","title":"Damages","poster":"http:\/\/trendico.ru\/upload\/moviebox\/1352188240.jpg","active":"1","cats":"6#8#15","rating":"47","seasons":"5"},{"id":"200","title":"Pushing Daisies","poster":"http:\/\/trendico.ru\/upload\/moviebox\/1352194587.jpg","active":"1","cats":"5#8#10","rating":"59","seasons":"2"},{"id":"201","title":"Friday Night Lights","poster":"http:\/\/trendico.ru\/upload\/moviebox\/1352347842.jpg","active":"1","cats":"8#18","rating":"125","seasons":"5"},{"id":"202","title":"Dragon Ball Z","poster":"http:\/\/trendico.ru\/upload\/moviebox\/1352374506.jpg","active":"1","cats":"1#2#3","rating":"4701","seasons":"9"},{"id":"203","title":"Merlin","poster":"http:\/\/trendico.ru\/upload\/moviebox\/1352454425.jpg","active":"1","cats":"2#8#9","rating":"351","seasons":"5"},{"id":"204","title":"Ancient Aliens","poster":"http:\/\/trendico.ru\/upload\/moviebox\/1352807727.jpg","active":"1","cats":"7","rating":"763","seasons":"5"},{"id":"205","title":"Luther","poster":"http:\/\/trendico.ru\/upload\/moviebox\/1352896810.jpg","active":"1","cats":"6#8#15","rating":"53","seasons":"2"},{"id":"206","title":"10 Things I Hate About You","poster":"http:\/\/trendico.ru\/upload\/moviebox\/1352897566.jpg","active":"1","cats":"5","rating":"135","seasons":"1"},{"id":"207","title":"SpongeBob SquarePants","poster":"http:\/\/trendico.ru\/upload\/moviebox\/1352935271.jpg","active":"1","cats":"3#5#9","rating":"4995","seasons":"7"},{"id":"208","title":"Freaks And Geeks","poster":"http:\/\/trendico.ru\/upload\/moviebox\/1352953719.jpg","active":"1","cats":"5#8","rating":"50","seasons":"1"},{"id":"209","title":"The Inbetweeners","poster":"http:\/\/trendico.ru\/upload\/moviebox\/1352956023.jpg","active":"1","cats":"5","rating":"285","seasons":"3"},{"id":"210","title":"The Venture Bros.","poster":"http:\/\/trendico.ru\/upload\/moviebox\/1352983707.jpg","active":"1","cats":"1#2#3","rating":"90","seasons":"4"},{"id":"211","title":"An Idiot Abroad","poster":"http:\/\/trendico.ru\/upload\/moviebox\/1353136469.jpg","active":"1","cats":"5#7","rating":"257","seasons":"3"},{"id":"212","title":"American Dad","poster":"http:\/\/trendico.ru\/upload\/moviebox\/1353317499.jpg","active":"1","cats":"3#5","rating":"3376","seasons":"8"},{"id":"213","title":"Burn Notice","poster":"http:\/\/trendico.ru\/upload\/moviebox\/1353356544.jpg","active":"1","cats":"1#6#8","rating":"551","seasons":"6"},{"id":"214","title":"Private Practice","poster":"http:\/\/trendico.ru\/upload\/moviebox\/1353397092.jpg","active":"1","cats":"5#8#16","rating":"108","seasons":"6"},{"id":"215","title":"Tom and Jerry","poster":"http:\/\/trendico.ru\/upload\/moviebox\/1353443467.jpg","active":"1","cats":"","rating":"740","seasons":"1"},{"id":"216","title":"Dragon Ball","poster":"http:\/\/trendico.ru\/upload\/moviebox\/1353475715.jpg","active":"1","cats":"1#2#3","rating":"933","seasons":"1"},{"id":"217","title":"Planet Earth","poster":"http:\/\/trendico.ru\/upload\/moviebox\/1353563738.jpg","active":"1","cats":"7","rating":"301","seasons":"1"},{"id":"218","title":"Planet Dinosaur","poster":"http:\/\/trendico.ru\/upload\/moviebox\/1353574315.jpg","active":"1","cats":"1#3#7","rating":"365","seasons":"1"},{"id":"219","title":"Tom & Jerry Kids Show","poster":"http:\/\/trendico.ru\/upload\/moviebox\/1353598254.jpg","active":"1","cats":"3#5#9","rating":"229","seasons":"1"},{"id":"220","title":"Alf","poster":"http:\/\/trendico.ru\/upload\/moviebox\/1353661822.jpg","active":"1","cats":"5#8#9","rating":"192","seasons":"4"},{"id":"221","title":"Dragon Ball GT","poster":"http:\/\/trendico.ru\/upload\/moviebox\/1353674458.jpg","active":"1","cats":"1#2#3","rating":"1805","seasons":"1"},{"id":"222","title":"Courage the Cowardly Dog","poster":"http:\/\/trendico.ru\/upload\/moviebox\/1353700584.jpg","active":"1","cats":"3#5#9","rating":"1332","seasons":"4"},{"id":"223","title":"Adventure Time with Finn & Jake","poster":"http:\/\/trendico.ru\/upload\/moviebox\/1353796218.jpg","active":"1","cats":"2#3#5","rating":"4798","seasons":"5"},{"id":"224","title":"Archer","poster":"http:\/\/trendico.ru\/upload\/moviebox\/1353907128.jpg","active":"1","cats":"1#3#5","rating":"2043","seasons":"4"},{"id":"225","title":"Naruto: Shippuden","poster":"http:\/\/trendico.ru\/upload\/moviebox\/1353910490.jpg","active":"1","cats":"1#2#3","rating":"1964","seasons":"2"},{"id":"226","title":" Friday Night Dinner","poster":"http:\/\/trendico.ru\/upload\/moviebox\/1353914014.jpg","active":"1","cats":"5","rating":"46","seasons":"2"},{"id":"227","title":"Nurse Jackie","poster":"http:\/\/trendico.ru\/upload\/moviebox\/1353916379.jpg","active":"1","cats":"5#8","rating":"100","seasons":"4"},{"id":"228","title":"Its always sunny in Philadelphia","poster":"http:\/\/trendico.ru\/upload\/moviebox\/1353921643.jpg","active":"1","cats":"5","rating":"487","seasons":"8"},{"id":"229","title":"90210","poster":"http:\/\/trendico.ru\/upload\/moviebox\/1353999004.jpg","active":"1","cats":"5#8#16","rating":"917","seasons":"5"},{"id":"230","title":"Covert Affairs","poster":"http:\/\/trendico.ru\/upload\/moviebox\/1354007696.jpg","active":"1","cats":"1#6#8","rating":"122","seasons":"3"},{"id":"231","title":"That '70s Show","poster":"http:\/\/trendico.ru\/upload\/moviebox\/1354015448.jpg","active":"1","cats":"5#16","rating":"505","seasons":"8"},{"id":"232","title":"Teen Wolf","poster":"http:\/\/trendico.ru\/upload\/moviebox\/1354023382.jpg","active":"1","cats":"5#8#13","rating":"468","seasons":"2"},{"id":"233","title":"Ringer","poster":"http:\/\/trendico.ru\/upload\/moviebox\/1354046771.jpg","active":"1","cats":"6#8#15","rating":"51","seasons":"1"},{"id":"234","title":"FlashForward","poster":"http:\/\/trendico.ru\/upload\/moviebox\/1354053415.jpg","active":"1","cats":"8#15#17","rating":"25","seasons":"1"},{"id":"235","title":"Darkwing Duck","poster":"http:\/\/trendico.ru\/upload\/moviebox\/1354099503.jpg","active":"1","cats":"3#5#9","rating":"152","seasons":"3"},{"id":"236","title":"DuckTales","poster":"http:\/\/trendico.ru\/upload\/moviebox\/1354099653.jpg","active":"1","cats":"2#3#5","rating":"417","seasons":"1"},{"id":"237","title":"Beverly Hills 90210","poster":"http:\/\/trendico.ru\/upload\/moviebox\/1354192730.jpg","active":"1","cats":"8#16","rating":"154","seasons":"10"},{"id":"238","title":"Naruto","poster":"http:\/\/trendico.ru\/upload\/moviebox\/1354388269.jpg","active":"1","cats":"1#2#3","rating":"3036","seasons":"1"},{"id":"239","title":"Veronica Mars","poster":"http:\/\/trendico.ru\/upload\/moviebox\/1354391050.jpg","active":"1","cats":"6#8#15","rating":"99","seasons":"3"},{"id":"240","title":"Spartacus: Gods of the Arena","poster":"http:\/\/trendico.ru\/upload\/moviebox\/1354397751.jpg","active":"1","cats":"1#2#4","rating":"392","seasons":"1"},{"id":"241","title":"Psych","poster":"http:\/\/trendico.ru\/upload\/moviebox\/1354693067.jpg","active":"1","cats":"5#6#15","rating":"1878","seasons":"7"},{"id":"242","title":"The Boondocks","poster":"http:\/\/trendico.ru\/upload\/moviebox\/1354777806.jpg","active":"1","cats":"1#3#5","rating":"1510","seasons":"3"},{"id":"243","title":"Good Luck Charlie","poster":"http:\/\/trendico.ru\/upload\/moviebox\/1354792676.jpg","active":"1","cats":"5#9","rating":"838","seasons":"3"},{"id":"244","title":"Peppa Pig","poster":"http:\/\/trendico.ru\/upload\/moviebox\/1354829098.jpg","active":"1","cats":"3#9","rating":"1658","seasons":"1"},{"id":"245","title":"Blue Mountain State","poster":"http:\/\/trendico.ru\/upload\/moviebox\/1354871870.jpg","active":"1","cats":"5#18","rating":"782","seasons":"3"},{"id":"246","title":"Yu-Gi-Oh! Zexal","poster":"http:\/\/trendico.ru\/upload\/moviebox\/1355214012.jpg","active":"1","cats":"1#2#3","rating":"307","seasons":"1"},{"id":"247","title":"Yu-Gi-Oh! GX","poster":"http:\/\/trendico.ru\/upload\/moviebox\/1355311292.jpg","active":"1","cats":"1#2#3","rating":"778","seasons":"4"},{"id":"248","title":"Wedding Band","poster":"http:\/\/trendico.ru\/upload\/moviebox\/1355356434.jpg","active":"1","cats":"5#8","rating":"46","seasons":"1"},{"id":"249","title":"Yu-Gi-Oh! The Abridged Series","poster":"http:\/\/trendico.ru\/upload\/moviebox\/1355417008.jpg","active":"1","cats":"3#5","rating":"505","seasons":"3"},{"id":"250","title":"Stargate Atlantis","poster":"http:\/\/trendico.ru\/upload\/moviebox\/1355472875.jpg","active":"1","cats":"1#8#17","rating":"166","seasons":"5"},{"id":"251","title":"Stargate Universe","poster":"http:\/\/trendico.ru\/upload\/moviebox\/1355717565.jpg","active":"1","cats":"8#17","rating":"80","seasons":"2"},{"id":"252","title":"Cougar Town","poster":"http:\/\/trendico.ru\/upload\/moviebox\/1355742663.jpg","active":"1","cats":"5","rating":"679","seasons":"4"},{"id":"253","title":"The League","poster":"http:\/\/trendico.ru\/upload\/moviebox\/1355819236.jpg","active":"1","cats":"5","rating":"203","seasons":"4"},{"id":"254","title":"Everybody Loves Raymond","poster":"http:\/\/trendico.ru\/upload\/moviebox\/1355904648.jpg","active":"1","cats":"5","rating":"207","seasons":"9"},{"id":"255","title":"Everybody Hates Chris","poster":"http:\/\/trendico.ru\/upload\/moviebox\/1355991351.jpg","active":"1","cats":"5","rating":"1159","seasons":"4"},{"id":"256","title":"Lost Girl","poster":"http:\/\/trendico.ru\/upload\/moviebox\/1356330128.jpg","active":"1","cats":"6#10#13","rating":"439","seasons":"3"},{"id":"257","title":"Stargate SG-1","poster":"http:\/\/trendico.ru\/upload\/moviebox\/1356417058.jpg","active":"1","cats":"1#2#17","rating":"280","seasons":"10"},{"id":"258","title":"America's Next Top Model","poster":"http:\/\/trendico.ru\/upload\/moviebox\/1356469003.jpg","active":"1","cats":"7","rating":"554","seasons":"19"},{"id":"259","title":"Teenage Mutant Ninja Turtles","poster":"http:\/\/trendico.ru\/upload\/moviebox\/1356661873.jpg","active":"1","cats":"1#2#3","rating":"420","seasons":"10"},{"id":"260","title":"The Hour","poster":"http:\/\/trendico.ru\/upload\/moviebox\/1357248525.jpg","active":"1","cats":"8","rating":"7","seasons":"2"},{"id":"261","title":"The X-Files","poster":"http:\/\/trendico.ru\/upload\/moviebox\/1357281149.jpg","active":"1","cats":"8#15#17","rating":"161","seasons":"9"},{"id":"262","title":"Oz","poster":"http:\/\/trendico.ru\/upload\/moviebox\/1357877929.jpg","active":"1","cats":"6#8#19","rating":"308","seasons":"6"},{"id":"263","title":"Community","poster":"http:\/\/trendico.ru\/upload\/moviebox\/1357879917.jpg","active":"1","cats":"5","rating":"802","seasons":"4"},{"id":"264","title":"The Lying Game","poster":"http:\/\/trendico.ru\/upload\/moviebox\/1357884435.jpg","active":"1","cats":"8#15","rating":"323","seasons":"2"},{"id":"265","title":"Shameless","poster":"http:\/\/trendico.ru\/upload\/moviebox\/1358063898.jpg","active":"1","cats":"5#8#20","rating":"2041","seasons":"3"},{"id":"266","title":"Boy Meets World","poster":"http:\/\/trendico.ru\/upload\/moviebox\/1358140234.jpg","active":"1","cats":"5#8#9","rating":"349","seasons":"7"},{"id":"267","title":"Chappelle`s Show","poster":"http:\/\/trendico.ru\/upload\/moviebox\/1358223557.jpg","active":"1","cats":"5#14","rating":"589","seasons":"3"},{"id":"268","title":"Face Off","poster":"http:\/\/trendico.ru\/upload\/moviebox\/1358238273.jpg","active":"1","cats":"7","rating":"1281","seasons":"4"},{"id":"269","title":"Regular Show","poster":"http:\/\/trendico.ru\/upload\/moviebox\/1358318541.jpg","active":"1","cats":"2#3#5","rating":"2255","seasons":"4"},{"id":"270","title":"Finding Bigfoot","poster":"http:\/\/trendico.ru\/upload\/moviebox\/1358334584.jpg","active":"1","cats":"7#8","rating":"231","seasons":"3"},{"id":"271","title":"The Carrie Diaries","poster":"http:\/\/trendico.ru\/upload\/moviebox\/1358354462.jpg","active":"1","cats":"5#16","rating":"1273","seasons":"1"},{"id":"272","title":"American Idol: The Search for a Superstar","poster":"http:\/\/trendico.ru\/upload\/moviebox\/1358511409.jpg","active":"1","cats":"14","rating":"1244","seasons":"12"},{"id":"273","title":"Banshee","poster":"http:\/\/trendico.ru\/upload\/moviebox\/1358680820.jpg","active":"1","cats":"6#8#15","rating":"177","seasons":"1"},{"id":"274","title":"Legit","poster":"http:\/\/trendico.ru\/upload\/moviebox\/1358681143.jpg","active":"1","cats":"5","rating":"229","seasons":"1"},{"id":"275","title":"Jersey Shore","poster":"http:\/\/trendico.ru\/upload\/moviebox\/1358877190.jpg","active":"1","cats":"5#8","rating":"1194","seasons":"6"},{"id":"276","title":"Utopia","poster":"http:\/\/trendico.ru\/upload\/moviebox\/1359047966.jpg","active":"1","cats":"8","rating":"21","seasons":"1"},{"id":"277","title":"The Following","poster":"http:\/\/trendico.ru\/upload\/moviebox\/1359051180.jpg","active":"1","cats":"6#8#19","rating":"2053","seasons":"1"},{"id":"278","title":"Ghost Hunters","poster":"http:\/\/trendico.ru\/upload\/moviebox\/1359348704.jpg","active":"1","cats":"7","rating":"222","seasons":"9"},{"id":"279","title":"Keeping Up with the Kardashians","poster":"http:\/\/trendico.ru\/upload\/moviebox\/1359546630.jpg","active":"1","cats":"7","rating":"1512","seasons":"7"},{"id":"280","title":"The Americans","poster":"http:\/\/trendico.ru\/upload\/moviebox\/1359647693.jpg","active":"1","cats":"","rating":"492","seasons":"1"},{"id":"281","title":"The Corner","poster":"http:\/\/trendico.ru\/upload\/moviebox\/1360012417.jpg","active":"1","cats":"6#8","rating":"54","seasons":"1"},{"id":"282","title":"Primeval: New World","poster":"http:\/\/trendico.ru\/upload\/moviebox\/1360012635.jpg","active":"1","cats":"17","rating":"107","seasons":"1"},{"id":"283","title":"Impractical Jokers","poster":"http:\/\/trendico.ru\/upload\/moviebox\/1360140707.jpg","active":"1","cats":"7","rating":"1415","seasons":"2"},{"id":"284","title":"House of Cards","poster":"http:\/\/trendico.ru\/upload\/moviebox\/1360142796.jpg","active":"1","cats":"8","rating":"219","seasons":"1"},{"id":"285","title":"Masterchef US","poster":"http:\/\/trendico.ru\/upload\/moviebox\/1360233087.jpg","active":"1","cats":"7","rating":"135","seasons":"3"},{"id":"286","title":"The Avengers: Earth's Mightiest Heroes","poster":"http:\/\/trendico.ru\/upload\/moviebox\/1360401465.jpg","active":"1","cats":"1#3#10","rating":"401","seasons":"2"},{"id":"287","title":"Justified","poster":"http:\/\/trendico.ru\/upload\/moviebox\/1360618312.jpg","active":"1","cats":"1#6#8","rating":"881","seasons":"4"},{"id":"288","title":"Dallas","poster":"http:\/\/trendico.ru\/upload\/moviebox\/1361012082.jpg","active":"1","cats":"8","rating":"445","seasons":"2"},{"id":"289","title":"Being Human","poster":"http:\/\/trendico.ru\/upload\/moviebox\/1361031171.jpg","active":"1","cats":"10#13","rating":"773","seasons":"3"},{"id":"290","title":"Ben 10: Omniverse","poster":"http:\/\/trendico.ru\/upload\/moviebox\/1361096210.jpg","active":"1","cats":"3#17","rating":"1171","seasons":"1"},{"id":"291","title":"The Girls Next Door","poster":"http:\/\/trendico.ru\/upload\/moviebox\/1361225140.jpg","active":"1","cats":"7","rating":"0","seasons":"5"},{"id":"292","title":"Rome","poster":"http:\/\/trendico.ru\/upload\/moviebox\/1361541499.jpg","active":"1","cats":"1#8#12","rating":"262","seasons":"2"},{"id":"293","title":"Real Husbands of Hollywood","poster":"http:\/\/trendico.ru\/upload\/moviebox\/1361615597.jpg","active":"1","cats":"5","rating":"971","seasons":"1"},{"id":"294","title":"Hatfields and McCoys","poster":"http:\/\/trendico.ru\/upload\/moviebox\/1361827451.jpg","active":"1","cats":"8#12#16","rating":"37","seasons":"1"},{"id":"295","title":"Pokemon","poster":"http:\/\/trendico.ru\/upload\/moviebox\/1362259743.jpg","active":"1","cats":"1#2#3#5","rating":"5627","seasons":"8"},{"id":"296","title":"Last Man Standing","poster":"http:\/\/trendico.ru\/upload\/moviebox\/1362461958.jpg","active":"1","cats":"5","rating":"198","seasons":"2"},{"id":"297","title":"Vikings","poster":"http:\/\/trendico.ru\/upload\/moviebox\/1362505738.jpg","active":"1","cats":"1#8#12","rating":"2234","seasons":"1"},{"id":"298","title":"Alice","poster":"http:\/\/trendico.ru\/upload\/moviebox\/1363102923.jpg","active":"1","cats":"8#10","rating":"68","seasons":"1"},{"id":"299","title":"Broadchurch","poster":"http:\/\/trendico.ru\/upload\/moviebox\/1363117892.jpg","active":"1","cats":"6#8","rating":"137","seasons":"1"},{"id":"300","title":"The Bible","poster":"http:\/\/trendico.ru\/upload\/moviebox\/1363155938.jpg","active":"1","cats":"8","rating":"3978","seasons":"1"},{"id":"301","title":"Deception","poster":"http:\/\/trendico.ru\/upload\/moviebox\/1363166566.jpg","active":"1","cats":"6#8#15","rating":"238","seasons":"1"},{"id":"302","title":"Bates Motel","poster":"http:\/\/trendico.ru\/upload\/moviebox\/1363588098.jpg","active":"1","cats":"13#15#19","rating":"1340","seasons":"1"},{"id":"303","title":"Duck Dynasty","poster":"http:\/\/trendico.ru\/upload\/moviebox\/1363602988.jpg","active":"1","cats":"","rating":"4219","seasons":"3"},{"id":"304","title":"F1","poster":"http:\/\/trendico.ru\/upload\/moviebox\/1363678322.jpg","active":"1","cats":"1#7#18","rating":"220","seasons":"1"},{"id":"305","title":"TRON: Uprising","poster":"http:\/\/trendico.ru\/upload\/moviebox\/1363722024.jpg","active":"1","cats":"1#2#3","rating":"335","seasons":"1"},{"id":"306","title":"WWE Monday Night Raw","poster":"http:\/\/trendico.ru\/upload\/moviebox\/1363763179.jpg","active":"1","cats":"1","rating":"2814","seasons":"1"},{"id":"307","title":"Batman","poster":"http:\/\/trendico.ru\/upload\/moviebox\/1363792446.jpg","active":"1","cats":"1#3#6","rating":"631","seasons":"4"},{"id":"308","title":"Orphan Black","poster":"http:\/\/trendico.ru\/upload\/moviebox\/1365080258.jpg","active":"1","cats":"1#8#17","rating":"146","seasons":"1"}]