[{"id":"1","title":"Dexter","poster":"http:\/\/trendico.ru\/upload\/moviebox\/1351249574.jpg","active":"1","cats":"6#8#19","rating":"2434","seasons":"7"},{"id":"2","title":"The Big Bang Theory ","poster":"http:\/\/trendico.ru\/upload\/moviebox\/1336298258.jpg","active":"1","cats":"5","rating":"9823","seasons":"6"},{"id":"3","title":"Lilyhammer","poster":"http:\/\/trendico.ru\/upload\/moviebox\/1343828443.jpg","active":"1","cats":"6#8","rating":"21","seasons":"1"},{"id":"4","title":"Band Of Brothers","poster":"http:\/\/trendico.ru\/upload\/moviebox\/1336309861.jpg","active":"1","cats":"1#2#8#12","rating":"174","seasons":"1"},{"id":"5","title":"Sherlock","poster":"http:\/\/trendico.ru\/upload\/moviebox\/1336311285.jpg","active":"1","cats":"6#8#15","rating":"206","seasons":"2"},{"id":"6","title":"Boardwalk Empire","poster":"http:\/\/trendico.ru\/upload\/moviebox\/1336311961.jpg","active":"1","cats":"6#8","rating":"359","seasons":"3"},{"id":"7","title":"The Pacific","poster":"http:\/\/trendico.ru\/upload\/moviebox\/1336313258.jpg","active":"1","cats":"1#2#8#12","rating":"172","seasons":"1"},{"id":"8","title":"Firefly","poster":"http:\/\/trendico.ru\/upload\/moviebox\/1336314536.jpg","active":"1","cats":"2#8#17","rating":"47","seasons":"1"},{"id":"9","title":"Misfits","poster":"http:\/\/trendico.ru\/upload\/moviebox\/1344341617.jpg","active":"1","cats":"5#8#10","rating":"267","seasons":"4"},{"id":"10","title":"Californication","poster":"http:\/\/trendico.ru\/upload\/moviebox\/1336319196.jpg","active":"1","cats":"5#8","rating":"1672","seasons":"6"},{"id":"11","title":"The Wire","poster":"http:\/\/trendico.ru\/upload\/moviebox\/1343828369.jpg","active":"1","cats":"6#8#15","rating":"533","seasons":"5"},{"id":"12","title":"Breaking Bad","poster":"http:\/\/trendico.ru\/upload\/moviebox\/1346846891.jpg","active":"1","cats":"6#8#19","rating":"4646","seasons":"5"},{"id":"13","title":"Queer as Folk","poster":"http:\/\/trendico.ru\/upload\/moviebox\/1336330154.jpg","active":"1","cats":"8","rating":"118","seasons":"5"},{"id":"14","title":"How I Met Your Mother","poster":"http:\/\/trendico.ru\/upload\/moviebox\/1344976560.jpg","active":"1","cats":"5#16","rating":"5430","seasons":"8"},{"id":"15","title":"Person of Interest","poster":"http:\/\/trendico.ru\/upload\/moviebox\/1336383246.jpg","active":"1","cats":"8#19","rating":"887","seasons":"2"},{"id":"16","title":"Hart of Dixie","poster":"http:\/\/trendico.ru\/upload\/moviebox\/1336387290.jpg","active":"1","cats":"5#8","rating":"653","seasons":"2"},{"id":"17","title":"The River","poster":"http:\/\/trendico.ru\/upload\/moviebox\/1336397771.jpg","active":"1","cats":"1#2#13","rating":"57","seasons":"1"},{"id":"18","title":"Luck","poster":"http:\/\/trendico.ru\/upload\/moviebox\/1336398347.jpg","active":"1","cats":"8#18","rating":"11","seasons":"1"},{"id":"19","title":"Awake","poster":"http:\/\/trendico.ru\/upload\/moviebox\/1336399097.jpg","active":"1","cats":"6#8#19","rating":"29","seasons":"1"},{"id":"20","title":"Magic City","poster":"http:\/\/trendico.ru\/upload\/moviebox\/1336400111.jpg","active":"1","cats":"6#8#15","rating":"41","seasons":"1"},{"id":"21","title":"Mad Men","poster":"http:\/\/trendico.ru\/upload\/moviebox\/1336400802.jpg","active":"1","cats":"8","rating":"832","seasons":"6"},{"id":"22","title":"Alcatraz","poster":"http:\/\/trendico.ru\/upload\/moviebox\/1363000688.jpg","active":"1","cats":"1#8#15","rating":"112","seasons":"1"},{"id":"23","title":"Game of Thrones","poster":"http:\/\/trendico.ru\/upload\/moviebox\/1336407868.jpg","active":"1","cats":"2#8#10#15","rating":"11870","seasons":"3"},{"id":"25","title":"True Blood","poster":"http:\/\/trendico.ru\/upload\/moviebox\/1336410007.jpg","active":"1","cats":"8#10#13#15#16","rating":"1183","seasons":"5"},{"id":"29","title":"The Walking Dead","poster":"http:\/\/trendico.ru\/upload\/moviebox\/1336478859.jpg","active":"1","cats":"8#13#19","rating":"13472","seasons":"3"},{"id":"32","title":"--test--","poster":"http:\/\/trendico.ru\/upload\/moviebox\/1340917574.jpg","active":"0","cats":"5#11","rating":"0","seasons":"1"},{"id":"33","title":"Sex and the City","poster":"http:\/\/trendico.ru\/upload\/moviebox\/1345658379.jpg","active":"1","cats":"5#16","rating":"514","seasons":"6"},{"id":"34","title":"Lost","poster":"http:\/\/trendico.ru\/upload\/moviebox\/1343828476.jpg","active":"1","cats":"2#8#10","rating":"1087","seasons":"6"},{"id":"35","title":"House M.D.","poster":"http:\/\/trendico.ru\/upload\/moviebox\/1343828396.jpg","active":"1","cats":"8#15","rating":"992","seasons":"8"},{"id":"36","title":"The Vampire Diaries","poster":"http:\/\/trendico.ru\/upload\/moviebox\/1344343653.jpg","active":"1","cats":"8#10#13","rating":"2659","seasons":"4"},{"id":"37","title":"Weeds","poster":"http:\/\/trendico.ru\/upload\/moviebox\/1344344624.jpg","active":"1","cats":"5#6#8","rating":"638","seasons":"8"},{"id":"38","title":"Friends","poster":"http:\/\/trendico.ru\/upload\/moviebox\/1344352817.jpg","active":"1","cats":"5#16","rating":"2462","seasons":"10"},{"id":"39","title":"Bored to Death","poster":"http:\/\/trendico.ru\/upload\/moviebox\/1344535802.jpg","active":"1","cats":"5#6#15","rating":"48","seasons":"3"},{"id":"40","title":"Suits","poster":"http:\/\/trendico.ru\/upload\/moviebox\/1344601076.jpg","active":"1","cats":"5#8","rating":"1103","seasons":"2"},{"id":"41","title":"Spartacus: Blood and Sand (Vengeance)","poster":"http:\/\/trendico.ru\/upload\/moviebox\/1360263170.jpg","active":"1","cats":"1#2#4#8","rating":"6208","seasons":"3"},{"id":"42","title":"Wilfred","poster":"http:\/\/trendico.ru\/upload\/moviebox\/1344611830.jpg","active":"1","cats":"5","rating":"230","seasons":"2"},{"id":"43","title":"Lie to Me","poster":"http:\/\/trendico.ru\/upload\/moviebox\/1344613289.jpg","active":"1","cats":"6#8#15","rating":"191","seasons":"3"},{"id":"44","title":"The Office","poster":"http:\/\/trendico.ru\/upload\/moviebox\/1344961513.jpg","active":"1","cats":"5#16","rating":"1760","seasons":"9"},{"id":"45","title":"Missing","poster":"http:\/\/trendico.ru\/upload\/moviebox\/1344976677.jpg","active":"1","cats":"1#8#19","rating":"37","seasons":"1"},{"id":"46","title":"Grimm ","poster":"http:\/\/trendico.ru\/upload\/moviebox\/1345057559.jpg","active":"1","cats":"8#10#13","rating":"1015","seasons":"2"},{"id":"47","title":"Girls","poster":"http:\/\/trendico.ru\/upload\/moviebox\/1345058080.jpg","active":"1","cats":"5","rating":"353","seasons":"2"},{"id":"48","title":"Downton Abbey","poster":"http:\/\/trendico.ru\/upload\/moviebox\/1345161284.jpg","active":"1","cats":"8","rating":"302","seasons":"3"},{"id":"49","title":"Episodes","poster":"http:\/\/trendico.ru\/upload\/moviebox\/1345161645.jpg","active":"1","cats":"5","rating":"28","seasons":"2"},{"id":"50","title":"The Secret Circle","poster":"http:\/\/trendico.ru\/upload\/moviebox\/1345204202.jpg","active":"1","cats":"8#10#13","rating":"98","seasons":"1"},{"id":"51","title":"Castle","poster":"http:\/\/trendico.ru\/upload\/moviebox\/1345226457.jpg","active":"1","cats":"5#6#8","rating":"522","seasons":"5"},{"id":"52","title":"Glee","poster":"http:\/\/trendico.ru\/upload\/moviebox\/1345232566.jpg","active":"1","cats":"5#8#14","rating":"1796","seasons":"4"},{"id":"53","title":"The New Adventures Of Winnie The Pooh","poster":"http:\/\/trendico.ru\/upload\/moviebox\/1345248357.jpg","active":"0","cats":"2#3#5#9","rating":"0","seasons":"1"},{"id":"54","title":"White Collar","poster":"http:\/\/trendico.ru\/upload\/moviebox\/1345409349.jpg","active":"1","cats":"5#6#8","rating":"721","seasons":"4"},{"id":"55","title":"Gossip Girl","poster":"http:\/\/trendico.ru\/upload\/moviebox\/1345452193.jpg","active":"1","cats":"8#16","rating":"1049","seasons":"6"},{"id":"56","title":"South Park","poster":"http:\/\/trendico.ru\/upload\/moviebox\/1345460462.jpg","active":"1","cats":"3#5","rating":"3743","seasons":"16"},{"id":"57","title":"Twin Peaks","poster":"http:\/\/trendico.ru\/upload\/moviebox\/1345463167.jpg","active":"1","cats":"6#8#15","rating":"19","seasons":"2"},{"id":"58","title":"Grey's Anatomy","poster":"http:\/\/trendico.ru\/upload\/moviebox\/1345468073.jpg","active":"1","cats":"8#16","rating":"1820","seasons":"9"},{"id":"59","title":"Two and a Half Men","poster":"http:\/\/trendico.ru\/upload\/moviebox\/1345496907.jpg","active":"1","cats":"5","rating":"3604","seasons":"10"},{"id":"60","title":"Portlandia","poster":"http:\/\/trendico.ru\/upload\/moviebox\/1345579153.jpg","active":"1","cats":"5","rating":"35","seasons":"3"},{"id":"61","title":"Family Guy","poster":"http:\/\/trendico.ru\/upload\/moviebox\/1345580102.jpg","active":"1","cats":"3#5","rating":"13206","seasons":"11"},{"id":"62","title":"Anger Management","poster":"http:\/\/trendico.ru\/upload\/moviebox\/1345585190.jpg","active":"1","cats":"5","rating":"1152","seasons":"2"},{"id":"63","title":"Desperate Housewives","poster":"http:\/\/trendico.ru\/upload\/moviebox\/1345636014.jpg","active":"1","cats":"5#8#16","rating":"555","seasons":"8"},{"id":"64","title":"Fringe","poster":"http:\/\/trendico.ru\/upload\/moviebox\/1345661456.jpg","active":"1","cats":"8#15#17","rating":"484","seasons":"5"},{"id":"65","title":"Touch","poster":"http:\/\/trendico.ru\/upload\/moviebox\/1345666407.jpg","active":"1","cats":"8#15","rating":"720","seasons":"2"},{"id":"66","title":"-","poster":"http:\/\/trendico.ru\/upload\/moviebox\/1345712956.jpg","active":"0","cats":"3#5#17","rating":"0","seasons":"8"},{"id":"67","title":"Futurama","poster":"http:\/\/trendico.ru\/upload\/moviebox\/1345885378.jpg","active":"1","cats":"3#5#17","rating":"1607","seasons":"7"},{"id":"68","title":"Dead Set","poster":"http:\/\/trendico.ru\/upload\/moviebox\/1345897041.jpg","active":"1","cats":"8#13","rating":"28","seasons":"1"},{"id":"69","title":"Robot Chicken","poster":"http:\/\/trendico.ru\/upload\/moviebox\/1345897271.jpg","active":"1","cats":"3#5","rating":"731","seasons":"6"},{"id":"70","title":"Reaper","poster":"http:\/\/trendico.ru\/upload\/moviebox\/1345900642.jpg","active":"1","cats":"2#5#8#13#15","rating":"64","seasons":"2"},{"id":"71","title":"American Horror Story","poster":"http:\/\/trendico.ru\/upload\/moviebox\/1345970387.jpg","active":"1","cats":"8#13#15","rating":"537","seasons":"2"},{"id":"72","title":"Blue Bloods","poster":"http:\/\/trendico.ru\/upload\/moviebox\/1345971744.jpg","active":"1","cats":"6#8","rating":"298","seasons":"3"},{"id":"73","title":"Falling Skies","poster":"http:\/\/trendico.ru\/upload\/moviebox\/1345975630.jpg","active":"1","cats":"1#17#19","rating":"395","seasons":"2"},{"id":"74","title":"Once Upon a Time","poster":"http:\/\/trendico.ru\/upload\/moviebox\/1345977514.jpg","active":"1","cats":"2#8#10","rating":"895","seasons":"2"},{"id":"75","title":"Chuck","poster":"http:\/\/trendico.ru\/upload\/moviebox\/1345986390.jpg","active":"1","cats":"1#5#8","rating":"537","seasons":"5"},{"id":"76","title":"The Simpsons","poster":"http:\/\/trendico.ru\/upload\/moviebox\/1346011960.jpg","active":"1","cats":"3#5#9","rating":"8144","seasons":"24"},{"id":"77","title":"Supernatural","poster":"http:\/\/trendico.ru\/upload\/moviebox\/1346014607.jpg","active":"1","cats":"8#10#13","rating":"2347","seasons":"8"},{"id":"78","title":"The Cleveland Show","poster":"http:\/\/trendico.ru\/upload\/moviebox\/1346019089.jpg","active":"1","cats":"3#5","rating":"2070","seasons":"4"},{"id":"79","title":"Prison Break","poster":"http:\/\/trendico.ru\/upload\/moviebox\/1346064372.jpg","active":"1","cats":"1#6#8","rating":"1640","seasons":"4"},{"id":"80","title":"The Sopranos","poster":"http:\/\/trendico.ru\/upload\/moviebox\/1346100683.jpg","active":"1","cats":"6#8","rating":"605","seasons":"6"},{"id":"81","title":"Top Gear","poster":"http:\/\/trendico.ru\/upload\/moviebox\/1346250737.jpg","active":"1","cats":"5","rating":"2084","seasons":"19"},{"id":"82","title":"The Newsroom","poster":"http:\/\/trendico.ru\/upload\/moviebox\/1346317246.jpg","active":"1","cats":"8","rating":"56","seasons":"1"},{"id":"83","title":"Jamie Oliver. Extra Videos","poster":"http:\/\/trendico.ru\/upload\/moviebox\/1346590552.jpg","active":"1","cats":"","rating":"29","seasons":"1"},{"id":"84","title":"Heroes","poster":"http:\/\/trendico.ru\/upload\/moviebox\/1346431349.jpg","active":"1","cats":"8#17#19","rating":"718","seasons":"4"},{"id":"85","title":"Jamie's 30 Minute Meals","poster":"http:\/\/trendico.ru\/upload\/moviebox\/1346586685.jpg","active":"1","cats":"7","rating":"47","seasons":"1"},{"id":"86","title":"Jamie at Home","poster":"http:\/\/trendico.ru\/upload\/moviebox\/1346607294.jpg","active":"1","cats":"7","rating":"42","seasons":"2"},{"id":"87","title":"The Tudors","poster":"http:\/\/trendico.ru\/upload\/moviebox\/1346616333.jpg","active":"1","cats":"8#12#16","rating":"221","seasons":"4"},{"id":"88","title":"New Girl","poster":"http:\/\/trendico.ru\/upload\/moviebox\/1346618132.jpg","active":"1","cats":"5","rating":"2926","seasons":"2"},{"id":"89","title":"Torchwood","poster":"http:\/\/trendico.ru\/upload\/moviebox\/1346619346.jpg","active":"1","cats":"8#17","rating":"81","seasons":"4"},{"id":"90","title":"Food Revolution","poster":"http:\/\/trendico.ru\/upload\/moviebox\/1346623690.jpg","active":"1","cats":"7","rating":"24","seasons":"2"},{"id":"91","title":"2 Broke Girls","poster":"http:\/\/trendico.ru\/upload\/moviebox\/1346785002.jpg","active":"1","cats":"5","rating":"1272","seasons":"2"},{"id":"92","title":"Aqua Teen Hunger Force","poster":"http:\/\/trendico.ru\/upload\/moviebox\/1346872398.jpg","active":"1","cats":"3#5","rating":"191","seasons":"8"},{"id":"93","title":"Pretty Little Liars","poster":"http:\/\/trendico.ru\/upload\/moviebox\/1347038849.jpg","active":"1","cats":"8#15#19","rating":"1899","seasons":"3"},{"id":"94","title":"Continuum","poster":"http:\/\/trendico.ru\/upload\/moviebox\/1347130816.jpg","active":"1","cats":"17#19","rating":"85","seasons":"1"},{"id":"95","title":"Late Show with David Letterman","poster":"http:\/\/trendico.ru\/upload\/moviebox\/1347138590.jpg","active":"1","cats":"5","rating":"34","seasons":"1"},{"id":"96","title":"Smallville","poster":"http:\/\/trendico.ru\/upload\/moviebox\/1347312678.jpg","active":"1","cats":"8#16#17","rating":"4062","seasons":"10"},{"id":"97","title":"Men at Work","poster":"http:\/\/trendico.ru\/upload\/moviebox\/1347387424.jpg","active":"1","cats":"5#8","rating":"502","seasons":"2"},{"id":"98","title":"Veep","poster":"http:\/\/trendico.ru\/upload\/moviebox\/1347389436.jpg","active":"1","cats":"5","rating":"34","seasons":"1"},{"id":"99","title":"Body of Proof","poster":"http:\/\/trendico.ru\/upload\/moviebox\/1347390160.jpg","active":"1","cats":"6#8","rating":"379","seasons":"3"},{"id":"100","title":"Scandal","poster":"http:\/\/trendico.ru\/upload\/moviebox\/1347391190.jpg","active":"1","cats":"8","rating":"1044","seasons":"2"},{"id":"101","title":"Sons of Anarchy","poster":"http:\/\/trendico.ru\/upload\/moviebox\/1347454801.jpg","active":"1","cats":"6#8","rating":"1240","seasons":"5"},{"id":"102","title":"Hell on Wheels","poster":"http:\/\/trendico.ru\/upload\/moviebox\/1347444106.jpg","active":"1","cats":"1#8","rating":"116","seasons":"2"},{"id":"103","title":"Awkward","poster":"http:\/\/trendico.ru\/upload\/moviebox\/1347477710.jpg","active":"1","cats":"5#8","rating":"440","seasons":"2"},{"id":"104","title":"Battlestar Galactica","poster":"http:\/\/trendico.ru\/upload\/moviebox\/1347526771.jpg","active":"1","cats":"1#2#8","rating":"75","seasons":"4"},{"id":"105","title":"Curb Your Enthusiasm","poster":"http:\/\/trendico.ru\/upload\/moviebox\/1347629661.jpg","active":"1","cats":"5","rating":"188","seasons":"8"},{"id":"106","title":"Babylon 5","poster":"http:\/\/trendico.ru\/upload\/moviebox\/1347996561.jpg","active":"1","cats":"1#8#17","rating":"92","seasons":"5"},{"id":"107","title":"Revolution","poster":"http:\/\/trendico.ru\/upload\/moviebox\/1348000218.jpg","active":"1","cats":"17","rating":"2812","seasons":"1"},{"id":"108","title":"Black Mirror","poster":"http:\/\/trendico.ru\/upload\/moviebox\/1348001341.jpg","active":"1","cats":"8#17#19","rating":"38","seasons":"2"},{"id":"109","title":"Boss","poster":"http:\/\/trendico.ru\/upload\/moviebox\/1348056065.jpg","active":"1","cats":"6#8","rating":"64","seasons":"2"},{"id":"110","title":"Doctor Who","poster":"http:\/\/trendico.ru\/upload\/moviebox\/1348134220.jpg","active":"1","cats":"2#8#17","rating":"1361","seasons":"7"},{"id":"111","title":"Dragons: Riders of Berk","poster":"http:\/\/trendico.ru\/upload\/moviebox\/1348433394.jpg","active":"1","cats":"2#3#5","rating":"537","seasons":"1"},{"id":"112","title":"Titanic: Blood and Steel","poster":"http:\/\/trendico.ru\/upload\/moviebox\/1348434674.jpg","active":"1","cats":"8#12","rating":"31","seasons":"1"},{"id":"113","title":"Go On","poster":"http:\/\/trendico.ru\/upload\/moviebox\/1348438034.jpg","active":"1","cats":"5","rating":"433","seasons":"1"},{"id":"114","title":"Being Liverpool","poster":"http:\/\/trendico.ru\/upload\/moviebox\/1348443686.jpg","active":"1","cats":"18","rating":"55","seasons":"1"},{"id":"115","title":"The Legend of Korra","poster":"http:\/\/trendico.ru\/upload\/moviebox\/1348503455.jpg","active":"1","cats":"1#2#3#10","rating":"579","seasons":"1"},{"id":"116","title":"Tosh.0","poster":"http:\/\/trendico.ru\/upload\/moviebox\/1348572167.jpg","active":"1","cats":"5","rating":"1358","seasons":"4"},{"id":"117","title":"Generation Kill","poster":"http:\/\/trendico.ru\/upload\/moviebox\/1348599847.jpg","active":"1","cats":"1#8","rating":"55","seasons":"1"},{"id":"118","title":"Homeland","poster":"http:\/\/trendico.ru\/upload\/moviebox\/1348661392.jpg","active":"1","cats":"6#8#15","rating":"992","seasons":"2"},{"id":"119","title":"Arrested Development","poster":"http:\/\/trendico.ru\/upload\/moviebox\/1348737490.jpg","active":"1","cats":"5#8","rating":"194","seasons":"3"},{"id":"120","title":"John Adams","poster":"http:\/\/trendico.ru\/upload\/moviebox\/1348829423.jpg","active":"1","cats":"4#8#12","rating":"14","seasons":"1"},{"id":"121","title":"Modern Family","poster":"http:\/\/trendico.ru\/upload\/moviebox\/1348866331.jpg","active":"1","cats":"5","rating":"3070","seasons":"4"},{"id":"122","title":"Last Resort","poster":"http:\/\/trendico.ru\/upload\/moviebox\/1348867310.jpg","active":"1","cats":"1#8#15","rating":"101","seasons":"1"},{"id":"123","title":"Elementary","poster":"http:\/\/trendico.ru\/upload\/moviebox\/1348867519.jpg","active":"1","cats":"6#8#15","rating":"699","seasons":"1"},{"id":"124","title":"Animal Practice","poster":"http:\/\/trendico.ru\/upload\/moviebox\/1348867875.jpg","active":"1","cats":"5","rating":"35","seasons":"1"},{"id":"125","title":"The Neighbors","poster":"http:\/\/trendico.ru\/upload\/moviebox\/1348907540.jpg","active":"1","cats":"5","rating":"71","seasons":"1"},{"id":"126","title":"Deadwood","poster":"http:\/\/trendico.ru\/upload\/moviebox\/1349070758.jpg","active":"1","cats":"6#8#12","rating":"93","seasons":"3"},{"id":"127","title":"666 Park Avenue","poster":"http:\/\/trendico.ru\/upload\/moviebox\/1349119485.jpg","active":"1","cats":"8#13#17","rating":"222","seasons":"1"},{"id":"128","title":"Brickleberry","poster":"http:\/\/trendico.ru\/upload\/moviebox\/1349124447.jpg","active":"1","cats":"3#5","rating":"343","seasons":"1"},{"id":"129","title":"The Mentalist","poster":"http:\/\/trendico.ru\/upload\/moviebox\/1349125507.jpg","active":"1","cats":"6#8#15","rating":"836","seasons":"5"},{"id":"130","title":"Six Feet Under","poster":"http:\/\/trendico.ru\/upload\/moviebox\/1349178232.jpg","active":"1","cats":"8","rating":"74","seasons":"5"},{"id":"131","title":"Parks and Recreation","poster":"http:\/\/trendico.ru\/upload\/moviebox\/1349178689.jpg","active":"1","cats":"5","rating":"540","seasons":"5"},{"id":"132","title":"House of Lies","poster":"http:\/\/trendico.ru\/upload\/moviebox\/1349190099.jpg","active":"1","cats":"5","rating":"799","seasons":"2"},{"id":"133","title":"Flight of the Conchords ","poster":"http:\/\/trendico.ru\/upload\/moviebox\/1349266265.jpg","active":"1","cats":"5","rating":"61","seasons":"2"},{"id":"134","title":"Entourage","poster":"http:\/\/trendico.ru\/upload\/moviebox\/1349268127.jpg","active":"1","cats":"5#8","rating":"456","seasons":"8"},{"id":"135","title":"Kung Fu Panda: Legends of Awesomeness","poster":"http:\/\/trendico.ru\/upload\/moviebox\/1349297465.jpg","active":"1","cats":"1#2#3#5","rating":"328","seasons":"2"},{"id":"136","title":"Nip\/Tuck","poster":"http:\/\/trendico.ru\/upload\/moviebox\/1365366331.jpg","active":"1","cats":"8","rating":"210","seasons":"6"},{"id":"137","title":"Chicago Fire","poster":"http:\/\/trendico.ru\/upload\/moviebox\/1349415210.jpg","active":"1","cats":"8","rating":"285","seasons":"1"},{"id":"138","title":"30 Rock","poster":"http:\/\/trendico.ru\/upload\/moviebox\/1349436197.jpg","active":"1","cats":"5","rating":"140","seasons":"7"},{"id":"139","title":"Flashpoint","poster":"http:\/\/trendico.ru\/upload\/moviebox\/1349436709.jpg","active":"1","cats":"1#6#8","rating":"169","seasons":"5"},{"id":"140","title":"Haven","poster":"http:\/\/trendico.ru\/upload\/moviebox\/1349506486.jpg","active":"1","cats":"6#8#10","rating":"91","seasons":"3"},{"id":"141","title":"Made in Jersey","poster":"http:\/\/trendico.ru\/upload\/moviebox\/1349507423.jpg","active":"1","cats":"8","rating":"26","seasons":"1"},{"id":"142","title":"Warehouse 13","poster":"http:\/\/trendico.ru\/upload\/moviebox\/1349727924.jpg","active":"1","cats":"8#15#17","rating":"128","seasons":"4"},{"id":"143","title":"Sinbad","poster":"http:\/\/trendico.ru\/upload\/moviebox\/1349521930.jpg","active":"1","cats":"1#2#10","rating":"71","seasons":"1"},{"id":"144","title":"V","poster":"http:\/\/trendico.ru\/upload\/moviebox\/1349727874.jpg","active":"1","cats":"8#17#19","rating":"174","seasons":"2"},{"id":"145","title":"The Pixar Shorts","poster":"http:\/\/trendico.ru\/upload\/moviebox\/1349731285.jpg","active":"1","cats":"3#5#9","rating":"909","seasons":"1"},{"id":"146","title":"Alphas","poster":"http:\/\/trendico.ru\/upload\/moviebox\/1349767226.jpg","active":"1","cats":"1#8#17","rating":"189","seasons":"2"},{"id":"147","title":"Star Wars: The Clone Wars","poster":"http:\/\/trendico.ru\/upload\/moviebox\/1349776122.jpg","active":"1","cats":"1#2#3","rating":"683","seasons":"5"},{"id":"148","title":"Treme","poster":"http:\/\/trendico.ru\/upload\/moviebox\/1349797275.jpg","active":"1","cats":"8","rating":"25","seasons":"3"},{"id":"149","title":"Revenge","poster":"http:\/\/trendico.ru\/upload\/moviebox\/1349798722.jpg","active":"1","cats":"8","rating":"1262","seasons":"2"},{"id":"150","title":"Guys with Kids","poster":"http:\/\/trendico.ru\/upload\/moviebox\/1349931094.jpg","active":"1","cats":"5","rating":"185","seasons":"1"},{"id":"151","title":"The Gates","poster":"http:\/\/trendico.ru\/upload\/moviebox\/1349932390.jpg","active":"1","cats":"6#8#15","rating":"43","seasons":"1"},{"id":"152","title":"The New Normal","poster":"http:\/\/trendico.ru\/upload\/moviebox\/1349956049.jpg","active":"1","cats":"5","rating":"211","seasons":"1"},{"id":"153","title":"Bones","poster":"http:\/\/trendico.ru\/upload\/moviebox\/1350016525.jpg","active":"1","cats":"5#6#8","rating":"685","seasons":"8"},{"id":"154","title":"Arrow","poster":"http:\/\/trendico.ru\/upload\/moviebox\/1350039934.jpg","active":"1","cats":"1#2#8","rating":"4400","seasons":"1"},{"id":"155","title":"Nashville","poster":"http:\/\/trendico.ru\/upload\/moviebox\/1350040108.jpg","active":"1","cats":"8#9#14","rating":"478","seasons":"1"},{"id":"156","title":"Beauty and the Beast","poster":"http:\/\/trendico.ru\/upload\/moviebox\/1350070627.jpg","active":"1","cats":"6#8","rating":"339","seasons":"1"},{"id":"157","title":"The Client List","poster":"http:\/\/trendico.ru\/upload\/moviebox\/1350117724.jpg","active":"1","cats":"8","rating":"3173","seasons":"2"},{"id":"158","title":"Copper","poster":"http:\/\/trendico.ru\/upload\/moviebox\/1350117969.jpg","active":"1","cats":"8","rating":"29","seasons":"1"},{"id":"159","title":"Avatar: The Last Airbender","poster":"http:\/\/trendico.ru\/upload\/moviebox\/1350281579.jpg","active":"1","cats":"1#2#3","rating":"791","seasons":"3"},{"id":"160","title":"United States of Tara","poster":"http:\/\/trendico.ru\/upload\/moviebox\/1350302485.jpg","active":"1","cats":"5#8","rating":"39","seasons":"3"},{"id":"161","title":"Scrubs","poster":"http:\/\/trendico.ru\/upload\/moviebox\/1350365565.jpg","active":"1","cats":"5#8","rating":"340","seasons":"9"},{"id":"162","title":"Death Note (Desu noto)","poster":"http:\/\/trendico.ru\/upload\/moviebox\/1350375202.jpg","active":"1","cats":"3#6#8#15","rating":"364","seasons":"1"},{"id":"163","title":"CSI: Crime Scene Investigation","poster":"http:\/\/trendico.ru\/upload\/moviebox\/1350451390.jpg","active":"1","cats":"6#8#15","rating":"576","seasons":"13"},{"id":"164","title":"Criminal Minds","poster":"http:\/\/trendico.ru\/upload\/moviebox\/1350461902.jpg","active":"1","cats":"6#8#15","rating":"1456","seasons":"8"},{"id":"165","title":"Dead Like Me","poster":"http:\/\/trendico.ru\/upload\/moviebox\/1351601080.jpg","active":"1","cats":"5#8#10","rating":"100","seasons":"2"},{"id":"166","title":"CSI: NY","poster":"http:\/\/trendico.ru\/upload\/moviebox\/1350735703.jpg","active":"1","cats":"1#6#8","rating":"193","seasons":"9"},{"id":"167","title":"CSI: Miami","poster":"http:\/\/trendico.ru\/upload\/moviebox\/1350655711.jpg","active":"1","cats":"1#6#8","rating":"224","seasons":"10"},{"id":"168","title":"Perception","poster":"http:\/\/trendico.ru\/upload\/moviebox\/1350735571.jpg","active":"1","cats":"6#8#15","rating":"65","seasons":"1"},{"id":"169","title":"Young Justice","poster":"http:\/\/trendico.ru\/upload\/moviebox\/1350729175.jpg","active":"1","cats":"1#2#3","rating":"1163","seasons":"2"},{"id":"170","title":"Fullmetal Alchemist","poster":"http:\/\/trendico.ru\/upload\/moviebox\/1350753192.jpg","active":"1","cats":"1#2#3#5#8","rating":"188","seasons":"1"},{"id":"171","title":"Fullmetal Alchemist Brotherhood","poster":"http:\/\/trendico.ru\/upload\/moviebox\/1350753326.jpg","active":"1","cats":"1#2#3#5#8","rating":"398","seasons":"1"},{"id":"172","title":"Hawaii five-0","poster":"http:\/\/trendico.ru\/upload\/moviebox\/1350894301.jpg","active":"1","cats":"1#6#8","rating":"652","seasons":"3"},{"id":"173","title":"Code Geass: Lelouch of the Rebellion","poster":"http:\/\/trendico.ru\/upload\/moviebox\/1350900339.jpg","active":"1","cats":"1#2#3","rating":"117","seasons":"1"},{"id":"174","title":"Code Geass: Lelouch of the Rebellion R2","poster":"http:\/\/trendico.ru\/upload\/moviebox\/1350901060.jpg","active":"1","cats":"1#2#3#8","rating":"173","seasons":"1"},{"id":"175","title":"Don't Trust the B---- in Apartment 23","poster":"http:\/\/trendico.ru\/upload\/moviebox\/1351111012.jpg","active":"1","cats":"5","rating":"94","seasons":"2"},{"id":"176","title":"Emily Owens M.D.","poster":"http:\/\/trendico.ru\/upload\/moviebox\/1351111261.jpg","active":"1","cats":"8","rating":"44","seasons":"1"},{"id":"177","title":"Vegas","poster":"http:\/\/trendico.ru\/upload\/moviebox\/1351111483.jpg","active":"1","cats":"8","rating":"221","seasons":"1"},{"id":"178","title":"Ben and Kate","poster":"http:\/\/trendico.ru\/upload\/moviebox\/1351111717.jpg","active":"1","cats":"","rating":"60","seasons":"1"},{"id":"179","title":"Happy Endings","poster":"http:\/\/trendico.ru\/upload\/moviebox\/1351112255.jpg","active":"1","cats":"5","rating":"364","seasons":"3"},{"id":"180","title":"Mike and Molly","poster":"http:\/\/trendico.ru\/upload\/moviebox\/1351150737.jpg","active":"1","cats":"5","rating":"291","seasons":"3"},{"id":"181","title":"Hunted","poster":"http:\/\/trendico.ru\/upload\/moviebox\/1351237920.jpg","active":"1","cats":"1#8","rating":"43","seasons":"1"},{"id":"182","title":"Mockingbird Lane","poster":"http:\/\/trendico.ru\/upload\/moviebox\/1351426626.jpg","active":"1","cats":"8","rating":"13","seasons":"1"},{"id":"183","title":"Sword Art Online","poster":"http:\/\/trendico.ru\/upload\/moviebox\/1351541644.jpg","active":"1","cats":"1#2#3#10","rating":"250","seasons":"1"},{"id":"184","title":"Nikita","poster":"http:\/\/trendico.ru\/upload\/moviebox\/1351662733.jpg","active":"1","cats":"1#6#8","rating":"1196","seasons":"3"},{"id":"185","title":"Raising Hope","poster":"http:\/\/trendico.ru\/upload\/moviebox\/1351667760.jpg","active":"1","cats":"5#8#9","rating":"576","seasons":"3"},{"id":"186","title":"Criminal Minds: Suspect Behavior","poster":"http:\/\/trendico.ru\/upload\/moviebox\/1351676381.jpg","active":"1","cats":"6#8#15","rating":"69","seasons":"1"},{"id":"187","title":"Suburgatory","poster":"http:\/\/trendico.ru\/upload\/moviebox\/1351767907.jpg","active":"1","cats":"5","rating":"443","seasons":"2"},{"id":"188","title":"Seinfeld","poster":"http:\/\/trendico.ru\/upload\/moviebox\/1351780747.jpg","active":"1","cats":"5","rating":"814","seasons":"9"},{"id":"189","title":"Longmire","poster":"http:\/\/trendico.ru\/upload\/moviebox\/1351802636.jpg","active":"1","cats":"8","rating":"22","seasons":"1"},{"id":"190","title":"Hit & Miss","poster":"http:\/\/trendico.ru\/upload\/moviebox\/1351803169.jpg","active":"1","cats":"8","rating":"24","seasons":"1"},{"id":"191","title":"The Fresh Prince of Bel-Air","poster":"http:\/\/trendico.ru\/upload\/moviebox\/1351804179.jpg","active":"1","cats":"5#9","rating":"3507","seasons":"6"},{"id":"192","title":"Smash","poster":"http:\/\/trendico.ru\/upload\/moviebox\/1351809388.jpg","active":"1","cats":"8#14","rating":"215","seasons":"2"},{"id":"193","title":"Dragon ball Kai: Doragon boru Kai ","poster":"http:\/\/trendico.ru\/upload\/moviebox\/1351830734.jpg","active":"1","cats":"1#2#3","rating":"1300","seasons":"1"},{"id":"194","title":"Dollhouse","poster":"http:\/\/trendico.ru\/upload\/moviebox\/1351860517.jpg","active":"1","cats":"8#15#17","rating":"36","seasons":"2"},{"id":"195","title":"Life's Too Short","poster":"http:\/\/trendico.ru\/upload\/moviebox\/1351892237.jpg","active":"1","cats":"5","rating":"75","seasons":"1"},{"id":"196","title":"Workaholics","poster":"http:\/\/trendico.ru\/upload\/moviebox\/1351904395.jpg","active":"1","cats":"5","rating":"1751","seasons":"4"},{"id":"197","title":"Partners","poster":"http:\/\/trendico.ru\/upload\/moviebox\/1352179814.jpg","active":"1","cats":"5","rating":"20","seasons":"1"},{"id":"198","title":"Law & Order: Special Victims Unit","poster":"http:\/\/trendico.ru\/upload\/moviebox\/1352183112.jpg","active":"1","cats":"6#8#15","rating":"256","seasons":"5"},{"id":"199","title":"Damages","poster":"http:\/\/trendico.ru\/upload\/moviebox\/1352188240.jpg","active":"1","cats":"6#8#15","rating":"37","seasons":"5"},{"id":"200","title":"Pushing Daisies","poster":"http:\/\/trendico.ru\/upload\/moviebox\/1352194587.jpg","active":"1","cats":"5#8#10","rating":"44","seasons":"2"},{"id":"201","title":"Friday Night Lights","poster":"http:\/\/trendico.ru\/upload\/moviebox\/1352347842.jpg","active":"1","cats":"8#18","rating":"126","seasons":"5"},{"id":"202","title":"Dragon Ball Z","poster":"http:\/\/trendico.ru\/upload\/moviebox\/1352374506.jpg","active":"1","cats":"1#2#3","rating":"4121","seasons":"9"},{"id":"203","title":"Merlin","poster":"http:\/\/trendico.ru\/upload\/moviebox\/1352454425.jpg","active":"1","cats":"2#8#9","rating":"313","seasons":"5"},{"id":"204","title":"Ancient Aliens","poster":"http:\/\/trendico.ru\/upload\/moviebox\/1352807727.jpg","active":"1","cats":"7","rating":"1070","seasons":"5"},{"id":"205","title":"Luther","poster":"http:\/\/trendico.ru\/upload\/moviebox\/1352896810.jpg","active":"1","cats":"6#8#15","rating":"49","seasons":"2"},{"id":"206","title":"10 Things I Hate About You","poster":"http:\/\/trendico.ru\/upload\/moviebox\/1352897566.jpg","active":"1","cats":"5","rating":"105","seasons":"1"},{"id":"207","title":"SpongeBob SquarePants","poster":"http:\/\/trendico.ru\/upload\/moviebox\/1352935271.jpg","active":"1","cats":"3#5#9","rating":"3852","seasons":"7"},{"id":"208","title":"Freaks And Geeks","poster":"http:\/\/trendico.ru\/upload\/moviebox\/1352953719.jpg","active":"1","cats":"5#8","rating":"37","seasons":"1"},{"id":"209","title":"The Inbetweeners","poster":"http:\/\/trendico.ru\/upload\/moviebox\/1352956023.jpg","active":"1","cats":"5","rating":"295","seasons":"3"},{"id":"210","title":"The Venture Bros.","poster":"http:\/\/trendico.ru\/upload\/moviebox\/1352983707.jpg","active":"1","cats":"1#2#3","rating":"102","seasons":"4"},{"id":"211","title":"An Idiot Abroad","poster":"http:\/\/trendico.ru\/upload\/moviebox\/1353136469.jpg","active":"1","cats":"5#7","rating":"192","seasons":"3"},{"id":"212","title":"American Dad","poster":"http:\/\/trendico.ru\/upload\/moviebox\/1353317499.jpg","active":"1","cats":"3#5","rating":"2962","seasons":"8"},{"id":"213","title":"Burn Notice","poster":"http:\/\/trendico.ru\/upload\/moviebox\/1353356544.jpg","active":"1","cats":"1#6#8","rating":"553","seasons":"6"},{"id":"214","title":"Private Practice","poster":"http:\/\/trendico.ru\/upload\/moviebox\/1353397092.jpg","active":"1","cats":"5#8#16","rating":"104","seasons":"6"},{"id":"215","title":"Tom and Jerry","poster":"http:\/\/trendico.ru\/upload\/moviebox\/1353443467.jpg","active":"1","cats":"","rating":"521","seasons":"1"},{"id":"216","title":"Dragon Ball","poster":"http:\/\/trendico.ru\/upload\/moviebox\/1353475715.jpg","active":"1","cats":"1#2#3","rating":"834","seasons":"1"},{"id":"217","title":"Planet Earth","poster":"http:\/\/trendico.ru\/upload\/moviebox\/1353563738.jpg","active":"1","cats":"7","rating":"234","seasons":"1"},{"id":"218","title":"Planet Dinosaur","poster":"http:\/\/trendico.ru\/upload\/moviebox\/1353574315.jpg","active":"1","cats":"1#3#7","rating":"309","seasons":"1"},{"id":"219","title":"Tom & Jerry Kids Show","poster":"http:\/\/trendico.ru\/upload\/moviebox\/1353598254.jpg","active":"1","cats":"3#5#9","rating":"222","seasons":"1"},{"id":"220","title":"Alf","poster":"http:\/\/trendico.ru\/upload\/moviebox\/1353661822.jpg","active":"1","cats":"5#8#9","rating":"148","seasons":"4"},{"id":"221","title":"Dragon Ball GT","poster":"http:\/\/trendico.ru\/upload\/moviebox\/1353674458.jpg","active":"1","cats":"1#2#3","rating":"1428","seasons":"1"},{"id":"222","title":"Courage the Cowardly Dog","poster":"http:\/\/trendico.ru\/upload\/moviebox\/1353700584.jpg","active":"1","cats":"3#5#9","rating":"1021","seasons":"4"},{"id":"223","title":"Adventure Time with Finn & Jake","poster":"http:\/\/trendico.ru\/upload\/moviebox\/1353796218.jpg","active":"1","cats":"2#3#5","rating":"4420","seasons":"5"},{"id":"224","title":"Archer","poster":"http:\/\/trendico.ru\/upload\/moviebox\/1353907128.jpg","active":"1","cats":"1#3#5","rating":"1982","seasons":"4"},{"id":"225","title":"Naruto: Shippuden","poster":"http:\/\/trendico.ru\/upload\/moviebox\/1353910490.jpg","active":"1","cats":"1#2#3","rating":"1979","seasons":"2"},{"id":"226","title":" Friday Night Dinner","poster":"http:\/\/trendico.ru\/upload\/moviebox\/1353914014.jpg","active":"1","cats":"5","rating":"46","seasons":"2"},{"id":"227","title":"Nurse Jackie","poster":"http:\/\/trendico.ru\/upload\/moviebox\/1353916379.jpg","active":"1","cats":"5#8","rating":"96","seasons":"4"},{"id":"228","title":"Its always sunny in Philadelphia","poster":"http:\/\/trendico.ru\/upload\/moviebox\/1353921643.jpg","active":"1","cats":"5","rating":"481","seasons":"8"},{"id":"229","title":"90210","poster":"http:\/\/trendico.ru\/upload\/moviebox\/1353999004.jpg","active":"1","cats":"5#8#16","rating":"918","seasons":"5"},{"id":"230","title":"Covert Affairs","poster":"http:\/\/trendico.ru\/upload\/moviebox\/1354007696.jpg","active":"1","cats":"1#6#8","rating":"112","seasons":"3"},{"id":"231","title":"That '70s Show","poster":"http:\/\/trendico.ru\/upload\/moviebox\/1354015448.jpg","active":"1","cats":"5#16","rating":"508","seasons":"8"},{"id":"232","title":"Teen Wolf","poster":"http:\/\/trendico.ru\/upload\/moviebox\/1354023382.jpg","active":"1","cats":"5#8#13","rating":"406","seasons":"2"},{"id":"233","title":"Ringer","poster":"http:\/\/trendico.ru\/upload\/moviebox\/1354046771.jpg","active":"1","cats":"6#8#15","rating":"34","seasons":"1"},{"id":"234","title":"FlashForward","poster":"http:\/\/trendico.ru\/upload\/moviebox\/1354053415.jpg","active":"1","cats":"8#15#17","rating":"35","seasons":"1"},{"id":"235","title":"Darkwing Duck","poster":"http:\/\/trendico.ru\/upload\/moviebox\/1354099503.jpg","active":"1","cats":"3#5#9","rating":"131","seasons":"3"},{"id":"236","title":"DuckTales","poster":"http:\/\/trendico.ru\/upload\/moviebox\/1354099653.jpg","active":"1","cats":"2#3#5","rating":"362","seasons":"1"},{"id":"237","title":"Beverly Hills 90210","poster":"http:\/\/trendico.ru\/upload\/moviebox\/1354192730.jpg","active":"1","cats":"8#16","rating":"130","seasons":"10"},{"id":"238","title":"Naruto","poster":"http:\/\/trendico.ru\/upload\/moviebox\/1354388269.jpg","active":"1","cats":"1#2#3","rating":"2815","seasons":"1"},{"id":"239","title":"Veronica Mars","poster":"http:\/\/trendico.ru\/upload\/moviebox\/1354391050.jpg","active":"1","cats":"6#8#15","rating":"99","seasons":"3"},{"id":"240","title":"Spartacus: Gods of the Arena","poster":"http:\/\/trendico.ru\/upload\/moviebox\/1354397751.jpg","active":"1","cats":"1#2#4","rating":"327","seasons":"1"},{"id":"241","title":"Psych","poster":"http:\/\/trendico.ru\/upload\/moviebox\/1354693067.jpg","active":"1","cats":"5#6#15","rating":"1797","seasons":"7"},{"id":"242","title":"The Boondocks","poster":"http:\/\/trendico.ru\/upload\/moviebox\/1354777806.jpg","active":"1","cats":"1#3#5","rating":"1486","seasons":"3"},{"id":"243","title":"Good Luck Charlie","poster":"http:\/\/trendico.ru\/upload\/moviebox\/1354792676.jpg","active":"1","cats":"5#9","rating":"1230","seasons":"3"},{"id":"244","title":"Peppa Pig","poster":"http:\/\/trendico.ru\/upload\/moviebox\/1354829098.jpg","active":"1","cats":"3#9","rating":"1608","seasons":"1"},{"id":"245","title":"Blue Mountain State","poster":"http:\/\/trendico.ru\/upload\/moviebox\/1354871870.jpg","active":"1","cats":"5#18","rating":"742","seasons":"3"},{"id":"246","title":"Yu-Gi-Oh! Zexal","poster":"http:\/\/trendico.ru\/upload\/moviebox\/1355214012.jpg","active":"1","cats":"1#2#3","rating":"252","seasons":"1"},{"id":"247","title":"Yu-Gi-Oh! GX","poster":"http:\/\/trendico.ru\/upload\/moviebox\/1355311292.jpg","active":"1","cats":"1#2#3","rating":"758","seasons":"4"},{"id":"248","title":"Wedding Band","poster":"http:\/\/trendico.ru\/upload\/moviebox\/1355356434.jpg","active":"1","cats":"5#8","rating":"31","seasons":"1"},{"id":"249","title":"Yu-Gi-Oh! The Abridged Series","poster":"http:\/\/trendico.ru\/upload\/moviebox\/1355417008.jpg","active":"1","cats":"3#5","rating":"366","seasons":"3"},{"id":"250","title":"Stargate Atlantis","poster":"http:\/\/trendico.ru\/upload\/moviebox\/1355472875.jpg","active":"1","cats":"1#8#17","rating":"191","seasons":"5"},{"id":"251","title":"Stargate Universe","poster":"http:\/\/trendico.ru\/upload\/moviebox\/1355717565.jpg","active":"1","cats":"8#17","rating":"72","seasons":"2"},{"id":"252","title":"Cougar Town","poster":"http:\/\/trendico.ru\/upload\/moviebox\/1355742663.jpg","active":"1","cats":"5","rating":"657","seasons":"4"},{"id":"253","title":"The League","poster":"http:\/\/trendico.ru\/upload\/moviebox\/1355819236.jpg","active":"1","cats":"5","rating":"206","seasons":"4"},{"id":"254","title":"Everybody Loves Raymond","poster":"http:\/\/trendico.ru\/upload\/moviebox\/1355904648.jpg","active":"1","cats":"5","rating":"214","seasons":"9"},{"id":"255","title":"Everybody Hates Chris","poster":"http:\/\/trendico.ru\/upload\/moviebox\/1355991351.jpg","active":"1","cats":"5","rating":"1054","seasons":"4"},{"id":"256","title":"Lost Girl","poster":"http:\/\/trendico.ru\/upload\/moviebox\/1356330128.jpg","active":"1","cats":"6#10#13","rating":"469","seasons":"3"},{"id":"257","title":"Stargate SG-1","poster":"http:\/\/trendico.ru\/upload\/moviebox\/1356417058.jpg","active":"1","cats":"1#2#17","rating":"281","seasons":"10"},{"id":"258","title":"America's Next Top Model","poster":"http:\/\/trendico.ru\/upload\/moviebox\/1356469003.jpg","active":"1","cats":"7","rating":"444","seasons":"19"},{"id":"259","title":"Teenage Mutant Ninja Turtles","poster":"http:\/\/trendico.ru\/upload\/moviebox\/1356661873.jpg","active":"1","cats":"1#2#3","rating":"387","seasons":"10"},{"id":"260","title":"The Hour","poster":"http:\/\/trendico.ru\/upload\/moviebox\/1357248525.jpg","active":"1","cats":"8","rating":"6","seasons":"2"},{"id":"261","title":"The X-Files","poster":"http:\/\/trendico.ru\/upload\/moviebox\/1357281149.jpg","active":"1","cats":"8#15#17","rating":"169","seasons":"9"},{"id":"262","title":"Oz","poster":"http:\/\/trendico.ru\/upload\/moviebox\/1357877929.jpg","active":"1","cats":"6#8#19","rating":"343","seasons":"6"},{"id":"263","title":"Community","poster":"http:\/\/trendico.ru\/upload\/moviebox\/1357879917.jpg","active":"1","cats":"5","rating":"1003","seasons":"4"},{"id":"264","title":"The Lying Game","poster":"http:\/\/trendico.ru\/upload\/moviebox\/1357884435.jpg","active":"1","cats":"8#15","rating":"213","seasons":"2"},{"id":"265","title":"Shameless","poster":"http:\/\/trendico.ru\/upload\/moviebox\/1358063898.jpg","active":"1","cats":"5#8#20","rating":"2025","seasons":"3"},{"id":"266","title":"Boy Meets World","poster":"http:\/\/trendico.ru\/upload\/moviebox\/1358140234.jpg","active":"1","cats":"5#8#9","rating":"334","seasons":"7"},{"id":"267","title":"Chappelle`s Show","poster":"http:\/\/trendico.ru\/upload\/moviebox\/1358223557.jpg","active":"1","cats":"5#14","rating":"510","seasons":"3"},{"id":"268","title":"Face Off","poster":"http:\/\/trendico.ru\/upload\/moviebox\/1358238273.jpg","active":"1","cats":"7","rating":"729","seasons":"4"},{"id":"269","title":"Regular Show","poster":"http:\/\/trendico.ru\/upload\/moviebox\/1358318541.jpg","active":"1","cats":"2#3#5","rating":"2223","seasons":"4"},{"id":"270","title":"Finding Bigfoot","poster":"http:\/\/trendico.ru\/upload\/moviebox\/1358334584.jpg","active":"1","cats":"7#8","rating":"150","seasons":"3"},{"id":"271","title":"The Carrie Diaries","poster":"http:\/\/trendico.ru\/upload\/moviebox\/1358354462.jpg","active":"1","cats":"5#16","rating":"1350","seasons":"1"},{"id":"272","title":"American Idol: The Search for a Superstar","poster":"http:\/\/trendico.ru\/upload\/moviebox\/1358511409.jpg","active":"1","cats":"14","rating":"1096","seasons":"12"},{"id":"273","title":"Banshee","poster":"http:\/\/trendico.ru\/upload\/moviebox\/1358680820.jpg","active":"1","cats":"6#8#15","rating":"138","seasons":"1"},{"id":"274","title":"Legit","poster":"http:\/\/trendico.ru\/upload\/moviebox\/1358681143.jpg","active":"1","cats":"5","rating":"222","seasons":"1"},{"id":"275","title":"Jersey Shore","poster":"http:\/\/trendico.ru\/upload\/moviebox\/1358877190.jpg","active":"1","cats":"5#8","rating":"1041","seasons":"6"},{"id":"276","title":"Utopia","poster":"http:\/\/trendico.ru\/upload\/moviebox\/1359047966.jpg","active":"1","cats":"8","rating":"9","seasons":"1"},{"id":"277","title":"The Following","poster":"http:\/\/trendico.ru\/upload\/moviebox\/1359051180.jpg","active":"1","cats":"6#8#19","rating":"1986","seasons":"1"},{"id":"278","title":"Ghost Hunters","poster":"http:\/\/trendico.ru\/upload\/moviebox\/1359348704.jpg","active":"1","cats":"7","rating":"168","seasons":"9"},{"id":"279","title":"Keeping Up with the Kardashians","poster":"http:\/\/trendico.ru\/upload\/moviebox\/1359546630.jpg","active":"1","cats":"7","rating":"1627","seasons":"7"},{"id":"280","title":"The Americans","poster":"http:\/\/trendico.ru\/upload\/moviebox\/1359647693.jpg","active":"1","cats":"","rating":"539","seasons":"1"},{"id":"281","title":"The Corner","poster":"http:\/\/trendico.ru\/upload\/moviebox\/1360012417.jpg","active":"1","cats":"6#8","rating":"59","seasons":"1"},{"id":"282","title":"Primeval: New World","poster":"http:\/\/trendico.ru\/upload\/moviebox\/1360012635.jpg","active":"1","cats":"17","rating":"92","seasons":"1"},{"id":"283","title":"Impractical Jokers","poster":"http:\/\/trendico.ru\/upload\/moviebox\/1360140707.jpg","active":"1","cats":"7","rating":"1171","seasons":"2"},{"id":"284","title":"House of Cards","poster":"http:\/\/trendico.ru\/upload\/moviebox\/1360142796.jpg","active":"1","cats":"8","rating":"236","seasons":"1"},{"id":"285","title":"Masterchef US","poster":"http:\/\/trendico.ru\/upload\/moviebox\/1360233087.jpg","active":"1","cats":"7","rating":"157","seasons":"3"},{"id":"286","title":"The Avengers: Earth's Mightiest Heroes","poster":"http:\/\/trendico.ru\/upload\/moviebox\/1360401465.jpg","active":"1","cats":"1#3#10","rating":"364","seasons":"2"},{"id":"287","title":"Justified","poster":"http:\/\/trendico.ru\/upload\/moviebox\/1360618312.jpg","active":"1","cats":"1#6#8","rating":"504","seasons":"4"},{"id":"288","title":"Dallas","poster":"http:\/\/trendico.ru\/upload\/moviebox\/1361012082.jpg","active":"1","cats":"8","rating":"438","seasons":"2"},{"id":"289","title":"Being Human","poster":"http:\/\/trendico.ru\/upload\/moviebox\/1361031171.jpg","active":"1","cats":"10#13","rating":"800","seasons":"3"},{"id":"290","title":"Ben 10: Omniverse","poster":"http:\/\/trendico.ru\/upload\/moviebox\/1361096210.jpg","active":"1","cats":"3#17","rating":"1135","seasons":"1"},{"id":"291","title":"The Girls Next Door","poster":"http:\/\/trendico.ru\/upload\/moviebox\/1361225140.jpg","active":"1","cats":"7","rating":"0","seasons":"5"},{"id":"292","title":"Rome","poster":"http:\/\/trendico.ru\/upload\/moviebox\/1361541499.jpg","active":"1","cats":"1#8#12","rating":"252","seasons":"2"},{"id":"293","title":"Real Husbands of Hollywood","poster":"http:\/\/trendico.ru\/upload\/moviebox\/1361615597.jpg","active":"1","cats":"5","rating":"554","seasons":"1"},{"id":"294","title":"Hatfields and McCoys","poster":"http:\/\/trendico.ru\/upload\/moviebox\/1361827451.jpg","active":"1","cats":"8#12#16","rating":"59","seasons":"1"},{"id":"295","title":"Pokemon","poster":"http:\/\/trendico.ru\/upload\/moviebox\/1362259743.jpg","active":"1","cats":"1#2#3#5","rating":"5476","seasons":"14"},{"id":"296","title":"Last Man Standing","poster":"http:\/\/trendico.ru\/upload\/moviebox\/1362461958.jpg","active":"1","cats":"5","rating":"116","seasons":"2"},{"id":"297","title":"Vikings","poster":"http:\/\/trendico.ru\/upload\/moviebox\/1362505738.jpg","active":"1","cats":"1#8#12","rating":"2710","seasons":"1"},{"id":"298","title":"Alice","poster":"http:\/\/trendico.ru\/upload\/moviebox\/1363102923.jpg","active":"1","cats":"8#10","rating":"55","seasons":"1"},{"id":"299","title":"Broadchurch","poster":"http:\/\/trendico.ru\/upload\/moviebox\/1363117892.jpg","active":"1","cats":"6#8","rating":"173","seasons":"1"},{"id":"300","title":"The Bible","poster":"http:\/\/trendico.ru\/upload\/moviebox\/1363155938.jpg","active":"1","cats":"8","rating":"1990","seasons":"1"},{"id":"301","title":"Deception","poster":"http:\/\/trendico.ru\/upload\/moviebox\/1363166566.jpg","active":"1","cats":"6#8#15","rating":"160","seasons":"1"},{"id":"302","title":"Bates Motel","poster":"http:\/\/trendico.ru\/upload\/moviebox\/1363588098.jpg","active":"1","cats":"13#15#19","rating":"1538","seasons":"1"},{"id":"303","title":"Duck Dynasty","poster":"http:\/\/trendico.ru\/upload\/moviebox\/1363602988.jpg","active":"1","cats":"","rating":"3063","seasons":"3"},{"id":"304","title":"F1","poster":"http:\/\/trendico.ru\/upload\/moviebox\/1363678322.jpg","active":"1","cats":"1#7#18","rating":"74","seasons":"1"},{"id":"305","title":"TRON: Uprising","poster":"http:\/\/trendico.ru\/upload\/moviebox\/1363722024.jpg","active":"1","cats":"1#2#3","rating":"231","seasons":"1"},{"id":"306","title":"WWE Monday Night Raw","poster":"http:\/\/trendico.ru\/upload\/moviebox\/1363763179.jpg","active":"1","cats":"1","rating":"2967","seasons":"1"},{"id":"307","title":"Batman","poster":"http:\/\/trendico.ru\/upload\/moviebox\/1363792446.jpg","active":"1","cats":"1#3#6","rating":"456","seasons":"4"},{"id":"308","title":"Orphan Black","poster":"http:\/\/trendico.ru\/upload\/moviebox\/1365080258.jpg","active":"1","cats":"1#8#17","rating":"214","seasons":"1"},{"id":"309","title":"Hannibal","poster":"http:\/\/trendico.ru\/upload\/moviebox\/1365234412.jpg","active":"1","cats":"6#8#19","rating":"1654","seasons":"1"},{"id":"310","title":"VICE","poster":"http:\/\/trendico.ru\/upload\/moviebox\/1365326658.jpg","active":"1","cats":"7","rating":"336","seasons":"1"},{"id":"311","title":"Rogue","poster":"http:\/\/trendico.ru\/upload\/moviebox\/1365334290.jpg","active":"1","cats":"8","rating":"406","seasons":"1"},{"id":"312","title":"Alien Encounters(2012)","poster":"http:\/\/trendico.ru\/upload\/moviebox\/1365430300.jpg","active":"1","cats":"17","rating":"1879","seasons":"1"},{"id":"313","title":"Alien Encounters (2013)","poster":"http:\/\/trendico.ru\/upload\/moviebox\/1365430804.jpg","active":"1","cats":"17","rating":"1001","seasons":"1"},{"id":"314","title":"My Wife and Kids","poster":"http:\/\/trendico.ru\/upload\/moviebox\/1365497194.jpg","active":"1","cats":"5","rating":"1182","seasons":"5"},{"id":"315","title":"Cult","poster":"http:\/\/trendico.ru\/upload\/moviebox\/1365514874.jpg","active":"1","cats":"8#15#19","rating":"476","seasons":"1"},{"id":"316","title":"In the Flesh","poster":"http:\/\/trendico.ru\/upload\/moviebox\/1365537892.jpg","active":"1","cats":"8#13","rating":"856","seasons":"1"},{"id":"317","title":"Youngers","poster":"http:\/\/trendico.ru\/upload\/moviebox\/1365708443.jpg","active":"1","cats":"5","rating":"322","seasons":"1"},{"id":"318","title":"Time Warp","poster":"http:\/\/trendico.ru\/upload\/moviebox\/1365773150.jpg","active":"1","cats":"7","rating":"146","seasons":"1"}]